"Longitude (x)","Latitude (y)","Station Name","Climate ID","Date/Time","Year","Month","Day","Data Quality","Max Temp (°C)","Max Temp Flag","Min Temp (°C)","Min Temp Flag","Mean Temp (°C)","Mean Temp Flag","Heat Deg Days (°C)","Heat Deg Days Flag","Cool Deg Days (°C)","Cool Deg Days Flag","Total Rain (mm)","Total Rain Flag","Total Snow (cm)","Total Snow Flag","Total Precip (mm)","Total Precip Flag","Snow on Grnd (cm)","Snow on Grnd Flag","Dir of Max Gust (10s deg)","Dir of Max Gust Flag","Spd of Max Gust (km/h)","Spd of Max Gust Flag"
"-73.74","45.47","MONTREAL INTL A","7025251","2019-01-01","2019","01","01","","2.4","","-12.3","","-5.0","","23.0","","0.0","","16.8","","0.2","","17.0","","0","T","29","","52",""
"-73.74","45.47","MONTREAL INTL A","7025251","2019-01-02","2019","01","02","","-9.4","","-15.6","","-12.5","","30.5","","0.0","","0.0","","0.4","","0.4","","0","T","","M","","M"
"-73.74","45.47","MONTREAL INTL A","7025251","2019-01-03","2019","01","03","","-1.5","","-14.1","","-7.8","","25.8","","0.0","","0.0","","4.6","","4.6","","4","","2","","32",""
"-73.74","45.47","MONTREAL INTL A","7025251","2019-01-04","2019","01","04","","2.5","","-1.7","","0.4","","17.6","","0.0","","0.0","","3.0","","3.0","","6","","23","","48",""
"-73.74","45.47","MONTREAL INTL A","7025251","2019-01-05","2019","01","05","","2.3","","0.0","","1.2","","16.8","","0.0","","0.0","T","0.0","","0.0","T","1","E","","M","","M"
"-73.74","45.47","MONTREAL INTL A","7025251","2019-01-06","2019","01","06","","1.3","","-13.0","","-5.9","","23.9","","0.0","","0.0","","0.4","","0.4","","1","","30","","46",""
"-73.74","45.47","MONTREAL INTL A","7025251","2019-01-07","2019","01","07","","-8.4","","-16.5","","-12.5","","30.5","","0.0","","0.0","","4.6","","4.6","","1","","7","","39",""
"-73.74","45.47","MONTREAL INTL A","7025251","2019-01-08","2019","01","08","","0.9","","-8.7","","-3.9","","21.9","","0.0","","0.0","","5.8","","6.8","","5","","15","","59",""
"-73.74","45.47","MONTREAL INTL A","7025251","2019-01-09","2019","01","09","","1.3","","-3.0","","-0.9","","18.9","","0.0","","0.0","","0.2","","0.2","","4","","2","","39",""
"-73.74","45.47","MONTREAL INTL A","7025251","2019-01-10","2019","01","10","","-2.7","","-13.0","","-7.9","","25.9","","0.0","","0.0","","1.2","","1.2","","5","","27","","54",""
"-73.74","45.47","MONTREAL INTL A","7025251","2019-01-11","2019","01","11","","-12.9","","-18.8","","-15.9","","33.9","","0.0","","0.0","","0.0","T","0.0","T","4","","25","","50",""
"-73.74","45.47","MONTREAL INTL A","7025251","2019-01-12","2019","01","12","","-13.6","","-19.1","","-16.4","","34.4","","0.0","","0.0","","0.0","","0.0","","4","","26","","37",""
"-73.74","45.47","MONTREAL INTL A","7025251","2019-01-13","2019","01","13","","-10.8","","-19.9","","-15.4","","33.4","","0.0","","0.0","","0.0","T","0.0","T","4","","","M","","M"
"-73.74","45.47","MONTREAL INTL A","7025251","2019-01-14","2019","01","14","","-8.0","","-18.7","","-13.4","","31.4","","0.0","","0.0","","0.0","T","0.0","T","4","","","M","","M"
"-73.74","45.47","MONTREAL INTL A","7025251","2019-01-15","2019","01","15","","-1.3","","-8.0","","-4.7","","22.7","","0.0","","0.0","","0.6","","0.6","","4","","","M","","M"
"-73.74","45.47","MONTREAL INTL A","7025251","2019-01-16","2019","01","16","","1.4","","-17.7","","-8.2","","26.2","","0.0","","0.0","","0.6","","0.6","","4","","24","","67",""
"-73.74","45.47","MONTREAL INTL A","7025251","2019-01-17","2019","01","17","","-13.5","","-20.9","","-17.2","","35.2","","0.0","","0.0","","0.0","","0.0","","4","","","","","M"
"-73.74","45.47","MONTREAL INTL A","7025251","2019-01-18","2019","01","18","","-9.3","","-15.9","","-12.6","","30.6","","0.0","","0.0","","2.6","","1.6","","3","","","","","M"
"-73.74","45.47","MONTREAL INTL A","7025251","2019-01-19","2019","01","19","","-15.1","","-23.0","","-19.1","","37.1","","0.0","","0.0","","2.8","","2.8","","5","","4","","50",""
"-73.74","45.47","MONTREAL INTL A","7025251","2019-01-20","2019","01","20","","-15.8","","-21.3","","-18.6","","36.6","","0.0","","0.0","","15.8","","15.8","","7","","3","","63",""
"-73.74","45.47","MONTREAL INTL A","7025251","2019-01-21","2019","01","21","","-16.4","","-21.5","","-19.0","","37.0","","0.0","","0.0","","1.8","","1.8","","10","","28","","54",""
"-73.74","45.47","MONTREAL INTL A","7025251","2019-01-22","2019","01","22","","-9.8","","-23.1","","-16.5","","34.5","","0.0","","0.0","","0.0","","0.0","","15","","27","","41",""
"-73.74","45.47","MONTREAL INTL A","7025251","2019-01-23","2019","01","23","","0.9","","-13.3","","-6.2","","24.2","","0.0","","7.0","","15.4","","22.4","","17","","","M","","M"
"-73.74","45.47","MONTREAL INTL A","7025251","2019-01-24","2019","01","24","","2.9","","-6.8","","-2.0","","20.0","","0.0","","17.6","","0.0","T","17.6","","18","","29","","55",""
"-73.74","45.47","MONTREAL INTL A","7025251","2019-01-25","2019","01","25","","-1.7","","-11.5","","-6.6","","24.6","","0.0","","0.0","","0.2","","0.2","","10","","26","","59",""
"-73.74","45.47","MONTREAL INTL A","7025251","2019-01-26","2019","01","26","","-11.3","","-13.7","","-12.5","","30.5","","0.0","","0.0","","0.6","","0.6","","10","","","M","","M"
"-73.74","45.47","MONTREAL INTL A","7025251","2019-01-27","2019","01","27","","-0.7","","-13.3","","-7.0","","25.0","","0.0","","0.0","","0.0","T","0.0","T","10","","24","","76",""
"-73.74","45.47","MONTREAL INTL A","7025251","2019-01-28","2019","01","28","","-12.5","","-20.2","","-16.4","","34.4","","0.0","","0.0","","0.0","","0.0","","10","","4","","45",""
"-73.74","45.47","MONTREAL INTL A","7025251","2019-01-29","2019","01","29","","-9.3","","-17.9","","-13.6","","31.6","","0.0","","0.0","","9.6","","8.8","","10","","4","","50",""
"-73.74","45.47","MONTREAL INTL A","7025251","2019-01-30","2019","01","30","","-7.5","","-17.2","","-12.4","","30.4","","0.0","","0.0","","0.0","T","0.0","T","18","","23","","78",""
"-73.74","45.47","MONTREAL INTL A","7025251","2019-01-31","2019","01","31","","-13.9","","-17.8","","-15.9","","33.9","","0.0","","0.0","","0.0","T","0.0","T","18","","27","","67",""
"-73.74","45.47","MONTREAL INTL A","7025251","2019-02-01","2019","02","01","","-12.1","","-17.7","","-14.9","","32.9","","0.0","","0.0","","0.0","T","0.0","T","16","","24","","48",""
"-73.74","45.47","MONTREAL INTL A","7025251","2019-02-02","2019","02","02","","-6.4","","-16.8","","-11.6","","29.6","","0.0","","0.0","","4.0","","3.4","","16","","22","","39",""
"-73.74","45.47","MONTREAL INTL A","7025251","2019-02-03","2019","02","03","","-10.5","","-14.9","","-12.7","","30.7","","0.0","","0.6","","2.2","","3.6","","14","","4","","37",""
"-73.74","45.47","MONTREAL INTL A","7025251","2019-02-04","2019","02","04","","-2.9","","-10.6","","-6.8","","24.8","","0.0","","0.8","","0.8","","2.2","","16","","","M","","M"
"-73.74","45.47","MONTREAL INTL A","7025251","2019-02-05","2019","02","05","","6.4","","-9.8","","-1.7","","19.7","","0.0","","5.2","","0.0","","5.2","","16","","27","","71",""
"-73.74","45.47","MONTREAL INTL A","7025251","2019-02-06","2019","02","06","","-5.6","","-11.2","","-8.4","","26.4","","0.0","","2.8","","3.4","","6.2","","14","","4","","45",""
"-73.74","45.47","MONTREAL INTL A","7025251","2019-02-07","2019","02","07","","2.1","","-6.7","","-2.3","","20.3","","0.0","","0.4","","0.0","","0.4","","14","","7","","39",""
"-73.74","45.47","MONTREAL INTL A","7025251","2019-02-08","2019","02","08","","6.4","","-9.0","","-1.3","","19.3","","0.0","","0.4","","0.6","","1.0","","8","","26","","96",""
"-73.74","45.47","MONTREAL INTL A","7025251","2019-02-09","2019","02","09","","-7.0","","-11.8","","-9.4","","27.4","","0.0","","0.0","","0.0","","0.0","","6","","26","","80",""
"-73.74","45.47","MONTREAL INTL A","7025251","2019-02-10","2019","02","10","","-6.5","","-13.7","","-10.1","","28.1","","0.0","","0.0","","0.0","","0.0","","6","","26","","45",""
"-73.74","45.47","MONTREAL INTL A","7025251","2019-02-11","2019","02","11","","-8.9","","-14.9","","-11.9","","29.9","","0.0","","0.0","","0.0","","0.0","","5","","4","","33",""
"-73.74","45.47","MONTREAL INTL A","7025251","2019-02-12","2019","02","12","","-6.1","","-16.8","","-11.5","","29.5","","0.0","","0.0","","19.4","","19.4","","5","","4","","46",""
"-73.74","45.47","MONTREAL INTL A","7025251","2019-02-13","2019","02","13","","0.4","","-7.5","","-3.6","","21.6","","0.0","","0.0","","20.6","","20.6","","29","","23","","55",""
"-73.74","45.47","MONTREAL INTL A","7025251","2019-02-14","2019","02","14","","-4.6","","-10.7","","-7.7","","25.7","","0.0","","0.0","","0.0","T","0.0","T","30","","23","","54",""
"-73.74","45.47","MONTREAL INTL A","7025251","2019-02-15","2019","02","15","","4.2","","-6.8","","-1.3","","19.3","","0.0","","1.8","","0.8","","2.8","","30","","23","","65",""
"-73.74","45.47","MONTREAL INTL A","7025251","2019-02-16","2019","02","16","","-2.0","","-11.7","","-6.9","","24.9","","0.0","","0.0","","0.0","T","0.0","T","26","","23","","50",""
"-73.74","45.47","MONTREAL INTL A","7025251","2019-02-17","2019","02","17","","-8.9","","-18.1","","-13.5","","31.5","","0.0","","0.0","","0.0","","0.0","","25","","","M","","M"
"-73.74","45.47","MONTREAL INTL A","7025251","2019-02-18","2019","02","18","","-7.9","","-14.9","","-11.4","","29.4","","0.0","","0.0","","0.0","","0.0","","","","3","","48",""
"-73.74","45.47","MONTREAL INTL A","7025251","2019-02-19","2019","02","19","","-9.6","","-19.1","","-14.4","","32.4","","0.0","","0.0","","0.0","","0.0","","25","","23","","42",""
"-73.74","45.47","MONTREAL INTL A","7025251","2019-02-20","2019","02","20","","-4.9","","-19.0","","-12.0","","30.0","","0.0","","0.0","","2.2","","2.2","","25","","","","","M"
"-73.74","45.47","MONTREAL INTL A","7025251","2019-02-21","2019","02","21","","3.0","","-7.8","","-2.4","","20.4","","0.0","","0.0","","10.8","","10.8","","29","","26","","58",""
"-73.74","45.47","MONTREAL INTL A","7025251","2019-02-22","2019","02","22","","-0.8","","-10.5","","-5.7","","23.7","","0.0","","0.0","","0.0","","0.0","","27","","25","","37",""
"-73.74","45.47","MONTREAL INTL A","7025251","2019-02-23","2019","02","23","","0.3","","-13.7","","-6.7","","24.7","","0.0","","0.0","","0.0","","0.0","","26","","","M","","M"
"-73.74","45.47","MONTREAL INTL A","7025251","2019-02-24","2019","02","24","","3.8","","-2.8","","0.5","","17.5","","0.0","","12.4","","0.8","","13.8","","24","","22","","76",""
"-73.74","45.47","MONTREAL INTL A","7025251","2019-02-25","2019","02","25","","1.7","","-12.2","","-5.3","","23.3","","0.0","","0.0","","0.0","T","0.0","T","23","","27","","85",""
"-73.74","45.47","MONTREAL INTL A","7025251","2019-02-26","2019","02","26","","-12.2","","-17.9","","-15.1","","33.1","","0.0","","0.0","","0.0","","0.0","","23","","27","","58",""
"-73.74","45.47","MONTREAL INTL A","7025251","2019-02-27","2019","02","27","","-13.3","","-20.8","","-17.1","","35.1","","0.0","","0.0","","0.0","","0.0","","23","","","M","","M"
"-73.74","45.47","MONTREAL INTL A","7025251","2019-02-28","2019","02","28","","-8.1","","-20.0","","-14.1","","32.1","","0.0","","0.0","","0.0","","0.0","","23","","21","","32",""
"-73.74","45.47","MONTREAL INTL A","7025251","2019-03-01","2019","03","01","","-3.8","","-16.5","","-10.2","","28.2","","0.0","","0.0","","0.0","","0.0","","22","","","M","","M"
"-73.74","45.47","MONTREAL INTL A","7025251","2019-03-02","2019","03","02","","-2.2","","-11.7","","-7.0","","25.0","","0.0","","0.0","","0.0","T","0.0","T","21","","","","","M"
"-73.74","45.47","MONTREAL INTL A","7025251","2019-03-03","2019","03","03","","-1.1","","-8.0","","-4.6","","22.6","","0.0","","0.0","","0.6","","0.6","","21","","22","","33",""
"-73.74","45.47","MONTREAL INTL A","7025251","2019-03-04","2019","03","04","","-2.4","","-10.6","","-6.5","","24.5","","0.0","","0.0","","0.0","T","0.0","T","21","","25","","55",""
"-73.74","45.47","MONTREAL INTL A","7025251","2019-03-05","2019","03","05","","-7.7","","-15.2","","-11.5","","29.5","","0.0","","0.0","","0.4","","0.4","","21","","22","","45",""
"-73.74","45.47","MONTREAL INTL A","7025251","2019-03-06","2019","03","06","","-8.3","","-15.7","","-12.0","","30.0","","0.0","","0.0","","0.0","T","0.0","T","21","","26","","46",""
"-73.74","45.47","MONTREAL INTL A","7025251","2019-03-07","2019","03","07","","-8.0","","-18.9","","-13.5","","31.5","","0.0","","0.0","","0.0","","0.0","","21","","22","","46",""
"-73.74","45.47","MONTREAL INTL A","7025251","2019-03-08","2019","03","08","","-1.8","","-12.7","","-7.3","","25.3","","0.0","","0.0","","0.0","","0.0","","21","","21","","52",""
"-73.74","45.47","MONTREAL INTL A","7025251","2019-03-09","2019","03","09","","-1.3","","-11.2","","-6.3","","24.3","","0.0","","0.0","","0.0","","0.0","","20","","","M","","M"
"-73.74","45.47","MONTREAL INTL A","7025251","2019-03-10","2019","03","10","","3.1","","-8.5","","-2.7","","20.7","","0.0","","3.0","","16.0","","23.0","","19","","15","","55",""
"-73.74","45.47","MONTREAL INTL A","7025251","2019-03-11","2019","03","11","","3.3","","-2.4","","0.5","","17.5","","0.0","","0.0","","0.0","T","0.4","","24","","24","","71",""
"-73.74","45.47","MONTREAL INTL A","7025251","2019-03-12","2019","03","12","","-1.4","","-5.8","","-3.6","","21.6","","0.0","","0.0","","0.0","T","0.0","T","24","","25","","48",""
"-73.74","45.47","MONTREAL INTL A","7025251","2019-03-13","2019","03","13","","2.5","","-7.3","","-2.4","","20.4","","0.0","","0.0","","1.0","","1.4","","24","","","M","","M"
"-73.74","45.47","MONTREAL INTL A","7025251","2019-03-14","2019","03","14","","7.5","","-2.3","","2.6","","15.4","","0.0","","","M","","M","0.0","T","23","","","","","M"
"-73.74","45.47","MONTREAL INTL A","7025251","2019-03-15","2019","03","15","","9.9","","3.1","","6.5","","11.5","","0.0","","1.6","","0.0","","1.6","","15","","23","","71",""
"-73.74","45.47","MONTREAL INTL A","7025251","2019-03-16","2019","03","16","","3.2","","-4.7","","-0.8","","18.8","","0.0","","0.0","","0.0","T","0.0","T","2","","27","","67",""
"-73.74","45.47","MONTREAL INTL A","7025251","2019-03-17","2019","03","17","","-2.3","","-7.5","","-4.9","","22.9","","0.0","","0.0","","0.0","T","0.0","T","2","","28","","59",""
"-73.74","45.47","MONTREAL INTL A","7025251","2019-03-18","2019","03","18","","-1.1","","-8.6","","-4.9","","22.9","","0.0","","0.0","","0.0","","0.0","","2","","29","","46",""
"-73.74","45.47","MONTREAL INTL A","7025251","2019-03-19","2019","03","19","","0.6","","-11.0","","-5.2","","23.2","","0.0","","0.0","","0.0","","0.0","","","","23","","39",""
"-73.74","45.47","MONTREAL INTL A","7025251","2019-03-20","2019","03","20","","7.2","","-6.3","","0.5","","17.5","","0.0","","0.0","","0.0","","0.0","","1","","","M","","M"
"-73.74","45.47","MONTREAL INTL A","7025251","2019-03-21","2019","03","21","","7.2","","1.5","","4.4","","13.6","","0.0","","8.8","","0.0","","8.8","","0","T","17","","41",""
"-73.74","45.47","MONTREAL INTL A","7025251","2019-03-22","2019","03","22","","3.2","","1.1","","2.2","","15.8","","0.0","","17.0","","0.0","T","17.0","","0","T","32","","52",""
"-73.74","45.47","MONTREAL INTL A","7025251","2019-03-23","2019","03","23","","1.2","","-5.0","","-1.9","","19.9","","0.0","","0.0","","1.6","","1.6","","1","","27","","61",""
"-73.74","45.47","MONTREAL INTL A","7025251","2019-03-24","2019","03","24","","4.1","","-4.2","","-0.1","","18.1","","0.0","","0.0","","0.0","T","0.0","T","0","T","25","","48",""
"-73.74","45.47","MONTREAL INTL A","7025251","2019-03-25","2019","03","25","","-0.1","","-7.0","","-3.6","","21.6","","0.0","","0.0","","0.0","","0.0","","0","T","22","","58",""
"-73.74","45.47","MONTREAL INTL A","7025251","2019-03-26","2019","03","26","","0.1","","-7.3","","-3.6","","21.6","","0.0","","0.0","","0.0","","0.0","","0","T","23","","50",""
"-73.74","45.47","MONTREAL INTL A","7025251","2019-03-27","2019","03","27","","6.2","","-5.9","","0.2","","17.8","","0.0","","0.0","","0.0","","0.0","","","","","M","","M"
"-73.74","45.47","MONTREAL INTL A","7025251","2019-03-28","2019","03","28","","8.3","","0.7","","4.5","","13.5","","0.0","","1.0","","0.0","","1.0","","0","T","15","","39",""
"-73.74","45.47","MONTREAL INTL A","7025251","2019-03-29","2019","03","29","","7.5","","-3.1","","2.2","","15.8","","0.0","","1.6","","0.0","","1.6","","0","T","28","","41",""
"-73.74","45.47","MONTREAL INTL A","7025251","2019-03-30","2019","03","30","","1.7","","-2.5","","-0.4","","18.4","","0.0","","7.2","","0.2","","7.4","","0","T","5","","39",""
"-73.74","45.47","MONTREAL INTL A","7025251","2019-03-31","2019","03","31","","2.2","","-1.7","","0.3","","17.7","","0.0","","5.2","","0.6","","5.8","","0","T","26","","48",""
"-73.74","45.47","MONTREAL INTL A","7025251","2019-04-01","2019","04","01","","1.9","","-6.4","","-2.3","","20.3","","0.0","","0.0","","0.0","","0.0","","0","T","25","","55",""
"-73.74","45.47","MONTREAL INTL A","7025251","2019-04-02","2019","04","02","","9.3","","-1.6","","3.9","","14.1","","0.0","","0.0","","0.0","","0.0","","0","T","21","","35",""
"-73.74","45.47","MONTREAL INTL A","7025251","2019-04-03","2019","04","03","","10.2","","-1.5","","4.4","","13.6","","0.0","","0.0","","0.2","","0.2","","0","T","26","","76",""
"-73.74","45.47","MONTREAL INTL A","7025251","2019-04-04","2019","04","04","","2.2","","-4.4","","-1.1","","19.1","","0.0","","0.0","","0.0","T","0.0","T","","","27","","68",""
"-73.74","45.47","MONTREAL INTL A","7025251","2019-04-05","2019","04","05","","4.5","","-7.4","","-1.5","","19.5","","0.0","","0.6","","3.0","","3.6","","0","T","16","","33",""
"-73.74","45.47","MONTREAL INTL A","7025251","2019-04-06","2019","04","06","","7.9","","1.0","","4.5","","13.5","","0.0","","1.4","","0.0","T","1.4","","0","T","28","","37",""
"-73.74","45.47","MONTREAL INTL A","7025251","2019-04-07","2019","04","07","","11.2","","1.4","","6.3","","11.7","","0.0","","0.6","","0.0","","0.6","","0","T","4","","46",""
"-73.74","45.47","MONTREAL INTL A","7025251","2019-04-08","2019","04","08","","1.4","","-3.0","","-0.8","","18.8","","0.0","","14.2","","0.4","","14.6","","0","T","4","","61",""
"-73.74","45.47","MONTREAL INTL A","7025251","2019-04-09","2019","04","09","","-0.2","","-3.0","","-1.6","","19.6","","0.0","","0.6","","10.4","","11.0","","0","T","2","","48",""
"-73.74","45.47","MONTREAL INTL A","7025251","2019-04-10","2019","04","10","","4.4","","-3.6","","0.4","","17.6","","0.0","","0.0","","0.0","","0.0","","8","","26","","42",""
"-73.74","45.47","MONTREAL INTL A","7025251","2019-04-11","2019","04","11","","5.9","","-3.5","","1.2","","16.8","","0.0","","0.0","","0.0","","0.0","","1","","30","","32",""
"-73.74","45.47","MONTREAL INTL A","7025251","2019-04-12","2019","04","12","","13.9","","2.1","","8.0","","10.0","","0.0","","0.4","","0.0","","0.4","","0","T","14","","46",""
"-73.74","45.47","MONTREAL INTL A","7025251","2019-04-13","2019","04","13","","17.1","","3.8","","10.5","","7.5","","0.0","","0.0","","0.0","","0.0","","","","23","","72",""
"-73.74","45.47","MONTREAL INTL A","7025251","2019-04-14","2019","04","14","","8.8","","0.8","","4.8","","13.2","","0.0","","6.0","","0.0","","6.0","","","","4","","55",""
"-73.74","45.47","MONTREAL INTL A","7025251","2019-04-15","2019","04","15","","5.7","","2.3","","4.0","","14.0","","0.0","","2.2","","0.0","","2.2","","","","4","","59",""
"-73.74","45.47","MONTREAL INTL A","7025251","2019-04-16","2019","04","16","","10.0","","1.1","","5.6","","12.4","","0.0","","0.0","","0.0","","0.0","","","","31","","52",""
"-73.74","45.47","MONTREAL INTL A","7025251","2019-04-17","2019","04","17","","13.9","","-2.2","","5.9","","12.1","","0.0","","0.0","","0.0","","0.0","","","","","M","","M"
"-73.74","45.47","MONTREAL INTL A","7025251","2019-04-18","2019","04","18","","16.0","","6.0","","11.0","","7.0","","0.0","","1.4","","0.0","","1.4","","","","15","","61",""
"-73.74","45.47","MONTREAL INTL A","7025251","2019-04-19","2019","04","19","","12.9","","4.6","","8.8","","9.2","","0.0","","31.0","","0.0","","31.0","","","","3","","58",""
"-73.74","45.47","MONTREAL INTL A","7025251","2019-04-20","2019","04","20","","7.1","","4.3","","5.7","","12.3","","0.0","","12.4","","0.0","","12.4","","","","4","","63",""
"-73.74","45.47","MONTREAL INTL A","7025251","2019-04-21","2019","04","21","","16.2","","3.4","","9.8","","8.2","","0.0","","0.0","","0.0","","0.0","","","","22","","37",""
"-73.74","45.47","MONTREAL INTL A","7025251","2019-04-22","2019","04","22","","18.7","","5.5","","12.1","","5.9","","0.0","","0.0","","0.0","","0.0","","","","3","","42",""
"-73.74","45.47","MONTREAL INTL A","7025251","2019-04-23","2019","04","23","","17.1","","6.2","","11.7","","6.3","","0.0","","3.2","","0.0","","3.2","","","","6","","48",""
"-73.74","45.47","MONTREAL INTL A","7025251","2019-04-24","2019","04","24","","8.3","","5.2","","6.8","","11.2","","0.0","","7.2","","0.0","","7.2","","","","23","","54",""
"-73.74","45.47","MONTREAL INTL A","7025251","2019-04-25","2019","04","25","","11.1","","4.3","","7.7","","10.3","","0.0","","0.0","T","0.0","","0.0","T","","","","M","","M"
"-73.74","45.47","MONTREAL INTL A","7025251","2019-04-26","2019","04","26","","10.9","","4.8","","7.9","","10.1","","0.0","","22.6","","0.0","","22.6","","","","11","","52",""
"-73.74","45.47","MONTREAL INTL A","7025251","2019-04-27","2019","04","27","","7.8","","2.9","","5.4","","12.6","","0.0","","9.8","","0.0","","9.8","","","","27","","63",""
"-73.74","45.47","MONTREAL INTL A","7025251","2019-04-28","2019","04","28","","10.3","","1.8","","6.1","","11.9","","0.0","","0.0","","0.0","","0.0","","","","28","","37",""
"-73.74","45.47","MONTREAL INTL A","7025251","2019-04-29","2019","04","29","","9.5","","-0.7","","4.4","","13.6","","0.0","","0.0","","0.0","","0.0","","","","20","","32",""
"-73.74","45.47","MONTREAL INTL A","7025251","2019-04-30","2019","04","30","","14.2","","5.2","","9.7","","8.3","","0.0","","0.0","","0.0","","0.0","","","","32","","37",""
"-73.74","45.47","MONTREAL INTL A","7025251","2019-05-01","2019","05","01","","8.4","","2.0","","5.2","","12.8","","0.0","","6.8","","0.0","","6.8","","","","4","","55",""
"-73.74","45.47","MONTREAL INTL A","7025251","2019-05-02","2019","05","02","","9.5","","2.4","","6.0","","12.0","","0.0","","0.6","","0.0","","0.6","","","","4","","46",""
"-73.74","45.47","MONTREAL INTL A","7025251","2019-05-03","2019","05","03","","10.4","","7.5","","9.0","","9.0","","0.0","","3.6","","0.0","","3.6","","","","","M","","M"
"-73.74","45.47","MONTREAL INTL A","7025251","2019-05-04","2019","05","04","","16.5","","8.0","","12.3","","5.7","","0.0","","0.0","","0.0","","0.0","","","","","M","","M"
"-73.74","45.47","MONTREAL INTL A","7025251","2019-05-05","2019","05","05","","20.3","","4.5","","12.4","","5.6","","0.0","","0.0","","0.0","","0.0","","","","9","","33",""
"-73.74","45.47","MONTREAL INTL A","7025251","2019-05-06","2019","05","06","","24.0","","9.5","","16.8","","1.2","","0.0","","0.0","T","0.0","","0.0","T","","","26","","37",""
"-73.74","45.47","MONTREAL INTL A","7025251","2019-05-07","2019","05","07","","18.6","","4.6","","11.6","","6.4","","0.0","","0.6","","0.0","","0.6","","","","1","","42",""
"-73.74","45.47","MONTREAL INTL A","7025251","2019-05-08","2019","05","08","","14.6","","1.9","","8.3","","9.7","","0.0","","0.0","","0.0","","0.0","","","","22","","39",""
"-73.74","45.47","MONTREAL INTL A","7025251","2019-05-09","2019","05","09","","16.5","","3.2","","9.9","","8.1","","0.0","","14.2","","0.0","","14.2","","","","13","","50",""
"-73.74","45.47","MONTREAL INTL A","7025251","2019-05-10","2019","05","10","","17.7","","8.4","","13.1","","4.9","","0.0","","26.0","","0.0","","26.0","","","","24","","61",""
"-73.74","45.47","MONTREAL INTL A","7025251","2019-05-11","2019","05","11","","13.9","","5.0","","9.5","","8.5","","0.0","","0.0","T","0.0","","0.0","T","","","30","","41",""
"-73.74","45.47","MONTREAL INTL A","7025251","2019-05-12","2019","05","12","","17.1","","5.9","","11.5","","6.5","","0.0","","0.0","","0.0","","0.0","","","","4","","41",""
"-73.74","45.47","MONTREAL INTL A","7025251","2019-05-13","2019","05","13","","15.9","","6.6","","11.3","","6.7","","0.0","","3.4","","0.0","","3.4","","","","5","","39",""
"-73.74","45.47","MONTREAL INTL A","7025251","2019-05-14","2019","05","14","","8.7","","5.4","","7.1","","10.9","","0.0","","2.6","","0.0","","2.6","","","","8","","42",""
"-73.74","45.47","MONTREAL INTL A","7025251","2019-05-15","2019","05","15","","15.2","","6.0","","10.6","","7.4","","0.0","","0.2","","0.0","","0.2","","","","20","","35",""
"-73.74","45.47","MONTREAL INTL A","7025251","2019-05-16","2019","05","16","","16.6","","7.3","","12.0","","6.0","","0.0","","0.0","T","0.0","","0.0","T","","","","M","","M"
"-73.74","45.47","MONTREAL INTL A","7025251","2019-05-17","2019","05","17","","14.6","","9.2","","11.9","","6.1","","0.0","","0.8","","0.0","","0.8","","","","28","","41",""
"-73.74","45.47","MONTREAL INTL A","7025251","2019-05-18","2019","05","18","","15.9","","7.0","","11.5","","6.5","","0.0","","0.0","T","0.0","","0.0","T","","","22","","32",""
"-73.74","45.47","MONTREAL INTL A","7025251","2019-05-19","2019","05","19","","18.8","","10.1","","14.5","","3.5","","0.0","","12.2","","0.0","","12.2","","","","5","","37",""
"-73.74","45.47","MONTREAL INTL A","7025251","2019-05-20","2019","05","20","","23.0","","9.7","","16.4","","1.6","","0.0","","0.0","T","0.0","","0.0","T","","","23","","71",""
"-73.74","45.47","MONTREAL INTL A","7025251","2019-05-21","2019","05","21","","16.8","","7.3","","12.1","","5.9","","0.0","","0.6","","0.0","","0.6","","","","32","","63",""
"-73.74","45.47","MONTREAL INTL A","7025251","2019-05-22","2019","05","22","","19.1","","6.1","","12.6","","5.4","","0.0","","0.2","","0.0","","0.2","","","","","M","","M"
"-73.74","45.47","MONTREAL INTL A","7025251","2019-05-23","2019","05","23","","20.8","","12.3","","16.6","","1.4","","0.0","","17.2","","0.0","","17.2","","","","35","","54",""
"-73.74","45.47","MONTREAL INTL A","7025251","2019-05-24","2019","05","24","","17.4","","10.2","","13.8","","4.2","","0.0","","2.0","","0.0","","2.0","","","","2","","41",""
"-73.74","45.47","MONTREAL INTL A","7025251","2019-05-25","2019","05","25","","21.2","","9.6","","15.4","","2.6","","0.0","","1.0","","0.0","","1.0","","","","15","","35",""
"-73.74","45.47","MONTREAL INTL A","7025251","2019-05-26","2019","05","26","","24.4","","12.2","","18.3","","0.0","","0.3","","1.0","","0.0","","1.0","","","","24","","50",""
"-73.74","45.47","MONTREAL INTL A","7025251","2019-05-27","2019","05","27","","16.9","","8.7","","12.8","","5.2","","0.0","","0.0","T","0.0","","0.0","T","","","23","","41",""
"-73.74","45.47","MONTREAL INTL A","7025251","2019-05-28","2019","05","28","","12.6","","7.5","","10.1","","7.9","","0.0","","2.0","","0.0","","2.0","","","","","M","","M"
"-73.74","45.47","MONTREAL INTL A","7025251","2019-05-29","2019","05","29","","16.3","","7.3","","11.8","","6.2","","0.0","","0.0","","0.0","","0.0","","","","","M","","M"
"-73.74","45.47","MONTREAL INTL A","7025251","2019-05-30","2019","05","30","","22.3","","10.9","","16.6","","1.4","","0.0","","2.2","","0.0","","2.2","","","","22","","46",""
"-73.74","45.47","MONTREAL INTL A","7025251","2019-05-31","2019","05","31","","15.8","","7.5","","11.7","","6.3","","0.0","","0.0","","0.0","","0.0","","","","28","","33",""
"-73.74","45.47","MONTREAL INTL A","7025251","2019-06-01","2019","06","01","","18.6","","9.8","","14.2","","3.8","","0.0","","0.0","","0.0","","0.0","","","","","M","","M"
"-73.74","45.47","MONTREAL INTL A","7025251","2019-06-02","2019","06","02","","18.1","","11.5","","14.8","","3.2","","0.0","","8.0","","0.0","","8.0","","","","25","","37",""
"-73.74","45.47","MONTREAL INTL A","7025251","2019-06-03","2019","06","03","","12.6","","7.0","","9.8","","8.2","","0.0","","0.0","T","0.0","","0.0","T","","","22","","65",""
"-73.74","45.47","MONTREAL INTL A","7025251","2019-06-04","2019","06","04","","18.1","","5.7","","11.9","","6.1","","0.0","","0.2","","0.0","","0.2","","","","22","","67",""
"-73.74","45.47","MONTREAL INTL A","7025251","2019-06-05","2019","06","05","","17.6","","9.6","","13.6","","4.4","","0.0","","0.8","","0.0","","0.8","","","","","M","","M"
"-73.74","45.47","MONTREAL INTL A","7025251","2019-06-06","2019","06","06","","23.6","","10.7","","17.2","","0.8","","0.0","","0.0","","0.0","","0.0","","","","2","","37",""
"-73.74","45.47","MONTREAL INTL A","7025251","2019-06-07","2019","06","07","","26.2","","8.3","","17.3","","0.7","","0.0","","0.0","","0.0","","0.0","","","","29","","50",""
"-73.74","45.47","MONTREAL INTL A","7025251","2019-06-08","2019","06","08","","23.4","","9.1","","16.3","","1.7","","0.0","","0.0","","0.0","","0.0","","","","","M","","M"
"-73.74","45.47","MONTREAL INTL A","7025251","2019-06-09","2019","06","09","","29.8","","12.7","","21.3","","0.0","","3.3","","0.0","","0.0","","0.0","","","","19","","32",""
"-73.74","45.47","MONTREAL INTL A","7025251","2019-06-10","2019","06","10","","30.0","","16.8","","23.4","","0.0","","5.4","","4.8","","0.0","","4.8","","","","16","","61",""
"-73.74","45.47","MONTREAL INTL A","7025251","2019-06-11","2019","06","11","","19.5","","10.0","","14.8","","3.2","","0.0","","20.6","","0.0","","20.6","","","","27","","68",""
"-73.74","45.47","MONTREAL INTL A","7025251","2019-06-12","2019","06","12","","24.3","","9.6","","17.0","","1.0","","0.0","","0.0","","0.0","","0.0","","","","21","","32",""
"-73.74","45.47","MONTREAL INTL A","7025251","2019-06-13","2019","06","13","","19.9","","13.1","","16.5","","1.5","","0.0","","1.8","","0.0","","1.8","","","","13","","58",""
"-73.74","45.47","MONTREAL INTL A","7025251","2019-06-14","2019","06","14","","17.4","","13.1","","15.3","","2.7","","0.0","","6.0","","0.0","","6.0","","","","22","","55",""
"-73.74","45.47","MONTREAL INTL A","7025251","2019-06-15","2019","06","15","","20.5","","13.6","","17.1","","0.9","","0.0","","6.4","","0.0","","6.4","","","","23","","76",""
"-73.74","45.47","MONTREAL INTL A","7025251","2019-06-16","2019","06","16","","21.2","","11.2","","16.2","","1.8","","0.0","","0.0","","0.0","","0.0","","","","","","","M"
"-73.74","45.47","MONTREAL INTL A","7025251","2019-06-17","2019","06","17","","","M","","M","","M","","M","","M","0.0","","0.0","","0.0","","","","22","","35",""
"-73.74","45.47","MONTREAL INTL A","7025251","2019-06-18","2019","06","18","","","M","","M","","M","","M","","M","0.0","","0.0","","0.0","","","","","M","","M"
"-73.74","45.47","MONTREAL INTL A","7025251","2019-06-19","2019","06","19","","","M","","M","","M","","M","","M","0.0","","0.0","","0.0","","","","3","","39",""
"-73.74","45.47","MONTREAL INTL A","7025251","2019-06-20","2019","06","20","","18.5","","15.5","","17.0","","1.0","","0.0","","5.6","","0.0","","5.6","","","","3","","46",""
"-73.74","45.47","MONTREAL INTL A","7025251","2019-06-21","2019","06","21","","25.6","","14.7","","20.2","","0.0","","2.2","","0.0","T","0.0","","0.0","T","","","36","","39",""
"-73.74","45.47","MONTREAL INTL A","7025251","2019-06-22","2019","06","22","","26.8","","16.0","","21.4","","0.0","","3.4","","0.0","","0.0","","0.0","","","","31","","52",""
"-73.74","45.47","MONTREAL INTL A","7025251","2019-06-23","2019","06","23","","28.1","","15.4","","21.8","","0.0","","3.8","","0.0","","0.0","","0.0","","","","28","","50",""
"-73.74","45.47","MONTREAL INTL A","7025251","2019-06-24","2019","06","24","","25.9","","12.1","","19.0","","0.0","","1.0","","0.0","","0.0","","0.0","","","","","","","M"
"-73.74","45.47","MONTREAL INTL A","7025251","2019-06-25","2019","06","25","","24.9","","17.3","","21.1","","0.0","","3.1","","17.2","","0.0","","17.2","","","","15","","33",""
"-73.74","45.47","MONTREAL INTL A","7025251","2019-06-26","2019","06","26","","28.8","","17.2","","23.0","","0.0","","5.0","","0.2","","0.0","","0.2","","","","32","","42",""
"-73.74","45.47","MONTREAL INTL A","7025251","2019-06-27","2019","06","27","","29.6","","18.4","","24.0","","0.0","","6.0","","1.2","","0.0","","1.2","","","","25","","46",""
"-73.74","45.47","MONTREAL INTL A","7025251","2019-06-28","2019","06","28","","29.8","","16.0","","22.9","","0.0","","4.9","","0.0","T","0.0","","0.0","T","","","24","","59",""
"-73.74","45.47","MONTREAL INTL A","7025251","2019-06-29","2019","06","29","","28.0","","17.0","","22.5","","0.0","","4.5","","14.6","","0.0","","14.6","","","","3","","45",""
"-73.74","45.47","MONTREAL INTL A","7025251","2019-06-30","2019","06","30","","24.4","","15.4","","19.9","","0.0","","1.9","","3.4","","0.0","","3.4","","","","31","","33",""
"-73.74","45.47","MONTREAL INTL A","7025251","2019-07-01","2019","07","01","","","M","","M","","M","","M","","M","0.0","T","0.0","","0.0","T","","","24","","37",""
"-73.74","45.47","MONTREAL INTL A","7025251","2019-07-02","2019","07","02","","29.9","","19.4","","24.7","","0.0","","6.7","","0.0","","0.0","","0.0","","","","26","","45",""
"-73.74","45.47","MONTREAL INTL A","7025251","2019-07-03","2019","07","03","","30.7","","18.7","","24.7","","0.0","","6.7","","0.0","","0.0","","0.0","","","","","","","M"
"-73.74","45.47","MONTREAL INTL A","7025251","2019-07-04","2019","07","04","","32.5","","19.2","","25.9","","0.0","","7.9","","0.0","","0.0","","0.0","","","","","M","","M"
"-73.74","45.47","MONTREAL INTL A","7025251","2019-07-05","2019","07","05","","29.9","","21.1","","25.5","","0.0","","7.5","","3.8","","0.0","","3.8","","","","19","","55",""
"-73.74","45.47","MONTREAL INTL A","7025251","2019-07-06","2019","07","06","","30.0","","17.5","","23.8","","0.0","","5.8","","0.0","T","0.0","","0.0","T","","","29","","48",""
"-73.74","45.47","MONTREAL INTL A","7025251","2019-07-07","2019","07","07","","25.3","","14.6","","20.0","","0.0","","2.0","","0.0","","0.0","","0.0","","","","21","","33",""
"-73.74","45.47","MONTREAL INTL A","7025251","2019-07-08","2019","07","08","","27.8","","12.5","","20.2","","0.0","","2.2","","0.0","","0.0","","0.0","","","","25","","35",""
"-73.74","45.47","MONTREAL INTL A","7025251","2019-07-09","2019","07","09","","30.3","","16.8","","23.6","","0.0","","5.6","","0.0","","0.0","","0.0","","","","27","","41",""
"-73.74","45.47","MONTREAL INTL A","7025251","2019-07-10","2019","07","10","","30.9","","18.9","","24.9","","0.0","","6.9","","0.0","","0.0","","0.0","","","","","M","","M"
"-73.74","45.47","MONTREAL INTL A","7025251","2019-07-11","2019","07","11","","28.7","","18.8","","23.8","","0.0","","5.8","","29.8","","0.0","","29.8","","","","28","","68",""
"-73.74","45.47","MONTREAL INTL A","7025251","2019-07-12","2019","07","12","","25.7","","18.4","","22.1","","0.0","","4.1","","0.0","","0.0","","0.0","","","","25","","39",""
"-73.74","45.47","MONTREAL INTL A","7025251","2019-07-13","2019","07","13","","27.4","","17.8","","22.6","","0.0","","4.6","","0.8","","0.0","","0.8","","","","28","","89",""
"-73.74","45.47","MONTREAL INTL A","7025251","2019-07-14","2019","07","14","","25.1","","17.5","","21.3","","0.0","","3.3","","0.0","","0.0","","0.0","","","","30","","46",""
"-73.74","45.47","MONTREAL INTL A","7025251","2019-07-15","2019","07","15","","27.2","","16.2","","21.7","","0.0","","3.7","","0.0","","0.0","","0.0","","","","20","","37",""
"-73.74","45.47","MONTREAL INTL A","7025251","2019-07-16","2019","07","16","","28.9","","17.9","","23.4","","0.0","","5.4","","0.0","T","0.0","","0.0","T","","","23","","48",""
"-73.74","45.47","MONTREAL INTL A","7025251","2019-07-17","2019","07","17","","29.0","","16.7","","22.9","","0.0","","4.9","","0.0","","0.0","","0.0","","","","24","","39",""
"-73.74","45.47","MONTREAL INTL A","7025251","2019-07-18","2019","07","18","","27.9","","15.4","","21.7","","0.0","","3.7","","0.0","","0.0","","0.0","","","","4","","37",""
"-73.74","45.47","MONTREAL INTL A","7025251","2019-07-19","2019","07","19","","31.8","","21.0","","26.4","","0.0","","8.4","","4.4","","0.0","","4.4","","","","24","","45",""
"-73.74","45.47","MONTREAL INTL A","7025251","2019-07-20","2019","07","20","","33.0","","23.3","","28.2","","0.0","","10.2","","0.0","T","0.0","","0.0","T","","","22","","48",""
"-73.74","45.47","MONTREAL INTL A","7025251","2019-07-21","2019","07","21","","30.4","","19.6","","25.0","","0.0","","7.0","","0.0","","0.0","","0.0","","","","29","","45",""
"-73.74","45.47","MONTREAL INTL A","7025251","2019-07-22","2019","07","22","","23.4","","16.3","","19.9","","0.0","","1.9","","0.0","","0.0","","0.0","","","","","M","","M"
"-73.74","45.47","MONTREAL INTL A","7025251","2019-07-23","2019","07","23","","26.9","","16.1","","21.5","","0.0","","3.5","","0.0","","0.0","","0.0","","","","27","","39",""
"-73.74","45.47","MONTREAL INTL A","7025251","2019-07-24","2019","07","24","","24.4","","13.5","","19.0","","0.0","","1.0","","0.0","","0.0","","0.0","","","","27","","35",""
"-73.74","45.47","MONTREAL INTL A","7025251","2019-07-25","2019","07","25","","28.3","","13.6","","21.0","","0.0","","3.0","","0.0","T","0.0","","0.0","T","","","21","","32",""
"-73.74","45.47","MONTREAL INTL A","7025251","2019-07-26","2019","07","26","","31.2","","17.7","","24.5","","0.0","","6.5","","0.0","","0.0","","0.0","","","","21","","32",""
"-73.74","45.47","MONTREAL INTL A","7025251","2019-07-27","2019","07","27","","31.9","","19.3","","25.6","","0.0","","7.6","","0.0","T","0.0","","0.0","T","","","21","","42",""
"-73.74","45.47","MONTREAL INTL A","7025251","2019-07-28","2019","07","28","","28.9","","21.7","","25.3","","0.0","","7.3","","1.6","","0.0","","1.6","","","","22","","45",""
"-73.74","45.47","MONTREAL INTL A","7025251","2019-07-29","2019","07","29","","31.4","","21.2","","26.3","","0.0","","8.3","","0.0","","0.0","","0.0","","","","20","","33",""
"-73.74","45.47","MONTREAL INTL A","7025251","2019-07-30","2019","07","30","","31.6","","22.9","","27.3","","0.0","","9.3","","0.0","T","0.0","","0.0","T","","","27","","71",""
"-73.74","45.47","MONTREAL INTL A","7025251","2019-07-31","2019","07","31","","30.5","","18.1","","24.3","","0.0","","6.3","","0.0","","0.0","","0.0","","","","23","","41",""
"-73.74","45.47","MONTREAL INTL A","7025251","2019-08-01","2019","08","01","","28.0","","14.6","","21.3","","0.0","","3.3","","0.0","","0.0","","0.0","","","","29","","37",""
"-73.74","45.47","MONTREAL INTL A","7025251","2019-08-02","2019","08","02","","29.7","","16.5","","23.1","","0.0","","5.1","","0.0","","0.0","","0.0","","","","20","","37",""
"-73.74","45.47","MONTREAL INTL A","7025251","2019-08-03","2019","08","03","","29.0","","18.2","","23.6","","0.0","","5.6","","0.0","","0.0","","0.0","","","","29","","39",""
"-73.74","45.47","MONTREAL INTL A","7025251","2019-08-04","2019","08","04","","24.5","","13.7","","19.1","","0.0","","1.1","","0.0","","0.0","","0.0","","","","28","","39",""
"-73.74","45.47","MONTREAL INTL A","7025251","2019-08-05","2019","08","05","","27.5","","11.4","","19.5","","0.0","","1.5","","0.0","","0.0","","0.0","","","","23","","37",""
"-73.74","45.47","MONTREAL INTL A","7025251","2019-08-06","2019","08","06","","31.2","","17.6","","24.4","","0.0","","6.4","","0.0","T","0.0","","0.0","T","","","28","","37",""
"-73.74","45.47","MONTREAL INTL A","7025251","2019-08-07","2019","08","07","","24.5","","21.2","","22.9","","0.0","","4.9","","0.4","","0.0","","0.4","","","","","M","","M"
"-73.74","45.47","MONTREAL INTL A","7025251","2019-08-08","2019","08","08","","28.9","","19.2","","24.1","","0.0","","6.1","","10.8","","0.0","","10.8","","","","26","","54",""
"-73.74","45.47","MONTREAL INTL A","7025251","2019-08-09","2019","08","09","","25.2","","15.0","","20.1","","0.0","","2.1","","10.8","","0.0","","10.8","","","","25","","54",""
"-73.74","45.47","MONTREAL INTL A","7025251","2019-08-10","2019","08","10","","20.5","","14.2","","17.4","","0.6","","0.0","","1.4","","0.0","","1.4","","","","27","","41",""
"-73.74","45.47","MONTREAL INTL A","7025251","2019-08-11","2019","08","11","","26.9","","14.1","","20.5","","0.0","","2.5","","0.0","","0.0","","0.0","","","","26","","52",""
"-73.74","45.47","MONTREAL INTL A","7025251","2019-08-12","2019","08","12","","27.2","","18.2","","22.7","","0.0","","4.7","","3.0","","0.0","","3.0","","","","25","","39",""
"-73.74","45.47","MONTREAL INTL A","7025251","2019-08-13","2019","08","13","","27.2","","17.2","","22.2","","0.0","","4.2","","0.0","","0.0","","0.0","","","","4","","33",""
"-73.74","45.47","MONTREAL INTL A","7025251","2019-08-14","2019","08","14","","24.6","","14.7","","19.7","","0.0","","1.7","","0.0","","0.0","","0.0","","","","2","","35",""
"-73.74","45.47","MONTREAL INTL A","7025251","2019-08-15","2019","08","15","","24.9","","11.6","","18.3","","0.0","","0.3","","0.0","T","0.0","","0.0","T","","","","M","","M"
"-73.74","45.47","MONTREAL INTL A","7025251","2019-08-16","2019","08","16","","26.1","","14.2","","20.2","","0.0","","2.2","","0.8","","0.0","","0.8","","","","","M","","M"
"-73.74","45.47","MONTREAL INTL A","7025251","2019-08-17","2019","08","17","","27.8","","18.2","","23.0","","0.0","","5.0","","4.2","","0.0","","4.2","","","","22","","32",""
"-73.74","45.47","MONTREAL INTL A","7025251","2019-08-18","2019","08","18","","28.1","","20.0","","24.1","","0.0","","6.1","","0.0","T","0.0","","0.0","T","","","","M","","M"
"-73.74","45.47","MONTREAL INTL A","7025251","2019-08-19","2019","08","19","","29.9","","16.5","","23.2","","0.0","","5.2","","0.4","","0.0","","0.4","","","","24","","54",""
"-73.74","45.47","MONTREAL INTL A","7025251","2019-08-20","2019","08","20","","28.7","","14.6","","21.7","","0.0","","3.7","","0.0","","0.0","","0.0","","","","25","","37",""
"-73.74","45.47","MONTREAL INTL A","7025251","2019-08-21","2019","08","21","","25.2","","19.3","","22.3","","0.0","","4.3","","3.6","","0.0","","3.6","","","","","","","M"
"-73.74","45.47","MONTREAL INTL A","7025251","2019-08-22","2019","08","22","","26.7","","15.3","","21.0","","0.0","","3.0","","0.0","T","0.0","","0.0","T","","","26","","39",""
"-73.74","45.47","MONTREAL INTL A","7025251","2019-08-23","2019","08","23","","23.1","","13.7","","18.4","","0.0","","0.4","","0.0","","0.0","","0.0","","","","29","","41",""
"-73.74","45.47","MONTREAL INTL A","7025251","2019-08-24","2019","08","24","","23.2","","12.0","","17.6","","0.4","","0.0","","0.0","","0.0","","0.0","","","","","M","","M"
"-73.74","45.47","MONTREAL INTL A","7025251","2019-08-25","2019","08","25","","25.1","","12.3","","18.7","","0.0","","0.7","","0.0","","0.0","","0.0","","","","","","","M"
"-73.74","45.47","MONTREAL INTL A","7025251","2019-08-26","2019","08","26","","26.8","","12.7","","19.8","","0.0","","1.8","","0.0","","0.0","","0.0","","","","11","","37",""
"-73.74","45.47","MONTREAL INTL A","7025251","2019-08-27","2019","08","27","","26.5","","13.4","","20.0","","0.0","","2.0","","0.0","","0.0","","0.0","","","","16","","33",""
"-73.74","45.47","MONTREAL INTL A","7025251","2019-08-28","2019","08","28","","21.0","","18.5","","19.8","","0.0","","1.8","","16.8","","0.0","","16.8","","","","","M","","M"
"-73.74","45.47","MONTREAL INTL A","7025251","2019-08-29","2019","08","29","","24.8","","17.7","","21.3","","0.0","","3.3","","0.0","","0.0","","0.0","","","","22","","41",""
"-73.74","45.47","MONTREAL INTL A","7025251","2019-08-30","2019","08","30","","24.4","","16.0","","20.2","","0.0","","2.2","","10.2","","0.0","","10.2","","","","27","","55",""
"-73.74","45.47","MONTREAL INTL A","7025251","2019-08-31","2019","08","31","","22.3","","11.9","","17.1","","0.9","","0.0","","0.0","","0.0","","0.0","","","","27","","55",""
"-73.74","45.47","MONTREAL INTL A","7025251","2019-09-01","2019","09","01","","23.1","","9.6","","16.4","","1.6","","0.0","","5.2","","0.0","","5.2","","","","","","","M"
"-73.74","45.47","MONTREAL INTL A","7025251","2019-09-02","2019","09","02","","21.6","","13.7","","17.7","","0.3","","0.0","","27.4","","0.0","","27.4","","","","35","","39",""
"-73.74","45.47","MONTREAL INTL A","7025251","2019-09-03","2019","09","03","","19.7","","11.8","","15.8","","2.2","","0.0","","0.0","","0.0","","0.0","","","","15","","33",""
"-73.74","45.47","MONTREAL INTL A","7025251","2019-09-04","2019","09","04","","24.3","","13.4","","18.9","","0.0","","0.9","","22.4","","0.0","","22.4","","","","29","","67",""
"-73.74","45.47","MONTREAL INTL A","7025251","2019-09-05","2019","09","05","","21.0","","10.0","","15.5","","2.5","","0.0","","0.0","","0.0","","0.0","","","","27","","37",""
"-73.74","45.47","MONTREAL INTL A","7025251","2019-09-06","2019","09","06","","22.6","","11.1","","16.9","","1.1","","0.0","","0.0","","0.0","","0.0","","","","5","","42",""
"-73.74","45.47","MONTREAL INTL A","7025251","2019-09-07","2019","09","07","","20.2","","12.7","","16.5","","1.5","","0.0","","10.4","","0.0","","10.4","","","","23","","33",""
"-73.74","45.47","MONTREAL INTL A","7025251","2019-09-08","2019","09","08","","19.1","","9.4","","14.3","","3.7","","0.0","","0.0","T","0.0","","0.0","T","","","27","","37",""
"-73.74","45.47","MONTREAL INTL A","7025251","2019-09-09","2019","09","09","","18.0","","8.3","","13.2","","4.8","","0.0","","0.0","","0.0","","0.0","","","","","M","","M"
"-73.74","45.47","MONTREAL INTL A","7025251","2019-09-10","2019","09","10","","19.4","","7.0","","13.2","","4.8","","0.0","","3.2","","0.0","","3.2","","","","","M","","M"
"-73.74","45.47","MONTREAL INTL A","7025251","2019-09-11","2019","09","11","","26.8","","13.6","","20.2","","0.0","","2.2","","3.6","","0.0","","3.6","","","","29","","46",""
"-73.74","45.47","MONTREAL INTL A","7025251","2019-09-12","2019","09","12","","20.3","","9.7","","15.0","","3.0","","0.0","","0.0","","0.0","","0.0","","","","3","","33",""
"-73.74","45.47","MONTREAL INTL A","7025251","2019-09-13","2019","09","13","","20.7","","6.8","","13.8","","4.2","","0.0","","0.0","","0.0","","0.0","","","","14","","48",""
"-73.74","45.47","MONTREAL INTL A","7025251","2019-09-14","2019","09","14","","23.4","","13.8","","18.6","","0.0","","0.6","","7.2","","0.0","","7.2","","","","22","","65",""
"-73.74","45.47","MONTREAL INTL A","7025251","2019-09-15","2019","09","15","","17.7","","10.7","","14.2","","3.8","","0.0","","0.0","","0.0","","0.0","","","","27","","41",""
"-73.74","45.47","MONTREAL INTL A","7025251","2019-09-16","2019","09","16","","21.2","","10.2","","15.7","","2.3","","0.0","","0.0","","0.0","","0.0","","","","27","","33",""
"-73.74","45.47","MONTREAL INTL A","7025251","2019-09-17","2019","09","17","","19.8","","8.3","","14.1","","3.9","","0.0","","0.0","","0.0","","0.0","","","","","","","M"
"-73.74","45.47","MONTREAL INTL A","7025251","2019-09-18","2019","09","18","","19.1","","8.4","","13.8","","4.2","","0.0","","0.0","","0.0","","0.0","","","","","M","","M"
"-73.74","45.47","MONTREAL INTL A","7025251","2019-09-19","2019","09","19","","20.9","","6.4","","13.7","","4.3","","0.0","","0.0","","0.0","","0.0","","","","","M","","M"
"-73.74","45.47","MONTREAL INTL A","7025251","2019-09-20","2019","09","20","","24.0","","12.6","","18.3","","0.0","","0.3","","0.0","","0.0","","0.0","","","","22","","32",""
"-73.74","45.47","MONTREAL INTL A","7025251","2019-09-21","2019","09","21","","26.0","","13.7","","19.9","","0.0","","1.9","","0.0","","0.0","","0.0","","","","","M","","M"
"-73.74","45.47","MONTREAL INTL A","7025251","2019-09-22","2019","09","22","","26.3","","16.3","","21.3","","0.0","","3.3","","0.0","T","0.0","","0.0","T","","","21","","46",""
"-73.74","45.47","MONTREAL INTL A","7025251","2019-09-23","2019","09","23","","25.1","","16.0","","20.6","","0.0","","2.6","","5.6","","0.0","","5.6","","","","25","","46",""
"-73.74","45.47","MONTREAL INTL A","7025251","2019-09-24","2019","09","24","","17.2","","12.6","","14.9","","3.1","","0.0","","0.6","","0.0","","0.6","","","","27","","32",""
"-73.74","45.47","MONTREAL INTL A","7025251","2019-09-25","2019","09","25","","20.0","","11.8","","15.9","","2.1","","0.0","","0.2","","0.0","","0.2","","","","13","","33",""
"-73.74","45.47","MONTREAL INTL A","7025251","2019-09-26","2019","09","26","","19.7","","10.0","","14.9","","3.1","","0.0","","7.6","","0.0","","7.6","","","","29","","37",""
"-73.74","45.47","MONTREAL INTL A","7025251","2019-09-27","2019","09","27","","19.8","","8.8","","14.3","","3.7","","0.0","","0.2","","0.0","","0.2","","","","","","","M"
"-73.74","45.47","MONTREAL INTL A","7025251","2019-09-28","2019","09","28","","18.4","","11.4","","14.9","","3.1","","0.0","","7.4","","0.0","","7.4","","","","22","","41",""
"-73.74","45.47","MONTREAL INTL A","7025251","2019-09-29","2019","09","29","","13.9","","6.2","","10.1","","7.9","","0.0","","0.0","","0.0","","0.0","","","","36","","32",""
"-73.74","45.47","MONTREAL INTL A","7025251","2019-09-30","2019","09","30","","14.1","","4.8","","9.5","","8.5","","0.0","","4.0","","0.0","","4.0","","","","3","","32",""
"-73.74","45.47","MONTREAL INTL A","7025251","2019-10-01","2019","10","01","","17.3","","8.8","","13.1","","4.9","","0.0","","48.4","","0.0","","48.4","","","","34","","55",""
"-73.74","45.47","MONTREAL INTL A","7025251","2019-10-02","2019","10","02","","14.8","","3.7","","9.3","","8.7","","0.0","","0.0","","0.0","","0.0","","","","2","","39",""
"-73.74","45.47","MONTREAL INTL A","7025251","2019-10-03","2019","10","03","","10.8","","2.5","","6.7","","11.3","","0.0","","5.4","","0.0","","5.4","","","","4","","35",""
"-73.74","45.47","MONTREAL INTL A","7025251","2019-10-04","2019","10","04","","11.1","","2.4","","6.8","","11.2","","0.0","","0.6","","0.0","","0.6","","","","36","","41",""
"-73.74","45.47","MONTREAL INTL A","7025251","2019-10-05","2019","10","05","","12.5","","0.9","","6.7","","11.3","","0.0","","0.0","","0.0","","0.0","","","","","M","","M"
"-73.74","45.47","MONTREAL INTL A","7025251","2019-10-06","2019","10","06","","16.7","","6.1","","11.4","","6.6","","0.0","","0.0","T","0.0","","0.0","T","","","14","","39",""
"-73.74","45.47","MONTREAL INTL A","7025251","2019-10-07","2019","10","07","","16.8","","11.5","","14.2","","3.8","","0.0","","10.4","","0.0","","10.4","","","","23","","42",""
"-73.74","45.47","MONTREAL INTL A","7025251","2019-10-08","2019","10","08","","16.9","","5.8","","11.4","","6.6","","0.0","","0.0","","0.0","","0.0","","","","","M","","M"
"-73.74","45.47","MONTREAL INTL A","7025251","2019-10-09","2019","10","09","","16.5","","4.0","","10.3","","7.7","","0.0","","0.0","","0.0","","0.0","","","","3","","32",""
"-73.74","45.47","MONTREAL INTL A","7025251","2019-10-10","2019","10","10","","18.0","","7.1","","12.6","","5.4","","0.0","","0.0","","0.0","","0.0","","","","3","","37",""
"-73.74","45.47","MONTREAL INTL A","7025251","2019-10-11","2019","10","11","","19.3","","6.3","","12.8","","5.2","","0.0","","0.0","","0.0","","0.0","","","","5","","37",""
"-73.74","45.47","MONTREAL INTL A","7025251","2019-10-12","2019","10","12","","18.5","","7.5","","13.0","","5.0","","0.0","","1.2","","0.0","","1.2","","","","24","","45",""
"-73.74","45.47","MONTREAL INTL A","7025251","2019-10-13","2019","10","13","","15.9","","5.1","","10.5","","7.5","","0.0","","0.0","","0.0","","0.0","","","","24","","35",""
"-73.74","45.47","MONTREAL INTL A","7025251","2019-10-14","2019","10","14","","14.0","","5.0","","9.5","","8.5","","0.0","","0.4","","0.0","","0.4","","","","27","","35",""
"-73.74","45.47","MONTREAL INTL A","7025251","2019-10-15","2019","10","15","","13.6","","3.7","","8.7","","9.3","","0.0","","0.0","","0.0","","0.0","","","","22","","41",""
"-73.74","45.47","MONTREAL INTL A","7025251","2019-10-16","2019","10","16","","16.3","","8.0","","12.2","","5.8","","0.0","","13.0","","0.0","","13.0","","","","15","","61",""
"-73.74","45.47","MONTREAL INTL A","7025251","2019-10-17","2019","10","17","","9.2","","6.8","","8.0","","10.0","","0.0","","55.0","","0.0","","55.0","","","","3","","76",""
"-73.74","45.47","MONTREAL INTL A","7025251","2019-10-18","2019","10","18","","8.8","","4.3","","6.6","","11.4","","0.0","","0.2","","0.0","","0.2","","","","29","","45",""
"-73.74","45.47","MONTREAL INTL A","7025251","2019-10-19","2019","10","19","","10.8","","1.6","","6.2","","11.8","","0.0","","0.0","","0.0","","0.0","","","","","","","M"
"-73.74","45.47","MONTREAL INTL A","7025251","2019-10-20","2019","10","20","","12.6","","1.0","","6.8","","11.2","","0.0","","0.0","","0.0","","0.0","","","","","M","","M"
"-73.74","45.47","MONTREAL INTL A","7025251","2019-10-21","2019","10","21","","15.8","","0.9","","8.4","","9.6","","0.0","","0.0","","0.0","","0.0","","","","","M","","M"
"-73.74","45.47","MONTREAL INTL A","7025251","2019-10-22","2019","10","22","","16.1","","7.1","","11.6","","6.4","","0.0","","19.8","","0.0","","19.8","","","","15","","58",""
"-73.74","45.47","MONTREAL INTL A","7025251","2019-10-23","2019","10","23","","15.4","","9.2","","12.3","","5.7","","0.0","","6.4","","0.0","","6.4","","","","24","","65",""
"-73.74","45.47","MONTREAL INTL A","7025251","2019-10-24","2019","10","24","","13.3","","6.5","","9.9","","8.1","","0.0","","0.0","T","0.0","","0.0","T","","","23","","50",""
"-73.74","45.47","MONTREAL INTL A","7025251","2019-10-25","2019","10","25","","9.3","","2.2","","5.8","","12.2","","0.0","","0.0","","0.0","","0.0","","","","","M","","M"
"-73.74","45.47","MONTREAL INTL A","7025251","2019-10-26","2019","10","26","","11.2","","3.0","","7.1","","10.9","","0.0","","0.0","","0.0","","0.0","","","","","","","M"
"-73.74","45.47","MONTREAL INTL A","7025251","2019-10-27","2019","10","27","","10.5","","6.3","","8.4","","9.6","","0.0","","37.2","","0.0","","37.2","","","","12","","65",""
"-73.74","45.47","MONTREAL INTL A","7025251","2019-10-28","2019","10","28","","12.4","","5.1","","8.8","","9.2","","0.0","","0.2","","0.0","","0.2","","","","","M","","M"
"-73.74","45.47","MONTREAL INTL A","7025251","2019-10-29","2019","10","29","","17.2","","2.9","","10.1","","7.9","","0.0","","0.0","","0.0","","0.0","","","","14","","32",""
"-73.74","45.47","MONTREAL INTL A","7025251","2019-10-30","2019","10","30","","15.5","","8.7","","12.1","","5.9","","0.0","","0.6","","0.0","","0.6","","","","4","","37",""
"-73.74","45.47","MONTREAL INTL A","7025251","2019-10-31","2019","10","31","","15.9","","8.1","","12.0","","6.0","","0.0","","61.0","","0.0","","61.0","","","","3","","52",""
"-73.74","45.47","MONTREAL INTL A","7025251","2019-11-01","2019","11","01","","10.5","","1.1","","5.8","","12.2","","0.0","","4.6","","0.0","","4.6","","","","23","","105",""
"-73.74","45.47","MONTREAL INTL A","7025251","2019-11-02","2019","11","02","","6.7","","-0.6","","3.1","","14.9","","0.0","","0.8","","0.0","","0.8","","","","","M","","M"
"-73.74","45.47","MONTREAL INTL A","7025251","2019-11-03","2019","11","03","","7.3","","2.5","","4.9","","13.1","","0.0","","0.4","","0.0","T","0.4","","","","27","","45",""
"-73.74","45.47","MONTREAL INTL A","7025251","2019-11-04","2019","11","04","","8.5","","0.8","","4.7","","13.3","","0.0","","0.0","T","0.0","","0.0","T","","","16","","42",""
"-73.74","45.47","MONTREAL INTL A","7025251","2019-11-05","2019","11","05","","9.8","","3.2","","6.5","","11.5","","0.0","","7.2","","0.0","","7.2","","","","24","","54",""
"-73.74","45.47","MONTREAL INTL A","7025251","2019-11-06","2019","11","06","","4.8","","0.5","","2.7","","15.3","","0.0","","0.0","","1.4","","1.4","","","","26","","61",""
"-73.74","45.47","MONTREAL INTL A","7025251","2019-11-07","2019","11","07","","1.1","","-2.8","","-0.9","","18.9","","0.0","","0.0","","7.0","","7.0","","0","T","","","","M"
"-73.74","45.47","MONTREAL INTL A","7025251","2019-11-08","2019","11","08","","1.0","","-6.0","","-2.5","","20.5","","0.0","","0.0","","0.0","T","0.0","T","0","T","31","","46",""
"-73.74","45.47","MONTREAL INTL A","7025251","2019-11-09","2019","11","09","","2.4","","-6.7","","-2.2","","20.2","","0.0","","0.0","","0.0","T","0.0","T","","","21","","41",""
"-73.74","45.47","MONTREAL INTL A","7025251","2019-11-10","2019","11","10","","6.4","","-1.5","","2.5","","15.5","","0.0","","0.0","","0.0","T","0.0","T","0","T","24","","46",""
"-73.74","45.47","MONTREAL INTL A","7025251","2019-11-11","2019","11","11","","-1.5","","-7.4","","-4.5","","22.5","","0.0","","0.0","","11.6","","11.6","","1","","4","","45",""
"-73.74","45.47","MONTREAL INTL A","7025251","2019-11-12","2019","11","12","","-4.6","","-10.9","","-7.8","","25.8","","0.0","","0.0","","9.6","","9.6","","10","","27","","52",""
"-73.74","45.47","MONTREAL INTL A","7025251","2019-11-13","2019","11","13","","-7.1","","-13.5","","-10.3","","28.3","","0.0","","0.0","","0.0","","0.0","","","","28","","52",""
"-73.74","45.47","MONTREAL INTL A","7025251","2019-11-14","2019","11","14","","1.3","","-9.3","","-4.0","","22.0","","0.0","","0.0","","0.4","","0.4","","5","","19","","41",""
"-73.74","45.47","MONTREAL INTL A","7025251","2019-11-15","2019","11","15","","2.6","","-9.8","","-3.6","","21.6","","0.0","","0.2","","0.2","","0.4","","5","","23","","58",""
"-73.74","45.47","MONTREAL INTL A","7025251","2019-11-16","2019","11","16","","-5.5","","-14.0","","-9.8","","27.8","","0.0","","0.0","","0.0","","0.0","","5","","","M","","M"
"-73.74","45.47","MONTREAL INTL A","7025251","2019-11-17","2019","11","17","","-2.8","","-13.2","","-8.0","","26.0","","0.0","","0.0","","0.0","","0.0","","","","","M","","M"
"-73.74","45.47","MONTREAL INTL A","7025251","2019-11-18","2019","11","18","","-1.0","","-10.3","","-5.7","","23.7","","0.0","","0.0","","0.0","","0.0","","4","","","M","","M"
"-73.74","45.47","MONTREAL INTL A","7025251","2019-11-19","2019","11","19","","0.1","","-2.0","","-1.0","","19.0","","0.0","","1.0","","0.4","","2.6","","4","","","M","","M"
"-73.74","45.47","MONTREAL INTL A","7025251","2019-11-20","2019","11","20","","1.6","","-3.6","","-1.0","","19.0","","0.0","","0.0","","0.0","T","0.6","","4","","","M","","M"
"-73.74","45.47","MONTREAL INTL A","7025251","2019-11-21","2019","11","21","","2.7","","-6.3","","-1.8","","19.8","","0.0","","1.6","","0.0","","1.6","","4","","10","","37",""
"-73.74","45.47","MONTREAL INTL A","7025251","2019-11-22","2019","11","22","","6.9","","-4.2","","1.4","","16.6","","0.0","","2.6","","0.0","T","2.6","","3","","24","","71",""
"-73.74","45.47","MONTREAL INTL A","7025251","2019-11-23","2019","11","23","","3.1","","-6.3","","-1.6","","19.6","","0.0","","0.0","","0.0","","0.0","","1","","28","","46",""
"-73.74","45.47","MONTREAL INTL A","7025251","2019-11-24","2019","11","24","","1.9","","-2.8","","-0.5","","18.5","","0.0","","0.0","","0.0","","0.0","","0","T","","M","","M"
"-73.74","45.47","MONTREAL INTL A","7025251","2019-11-25","2019","11","25","","5.6","","-2.4","","1.6","","16.4","","0.0","","0.0","","0.0","","0.0","","0","T","26","","37",""
"-73.74","45.47","MONTREAL INTL A","7025251","2019-11-26","2019","11","26","","9.9","","-2.7","","3.6","","14.4","","0.0","","0.0","T","0.0","","0.0","T","0","T","24","","32",""
"-73.74","45.47","MONTREAL INTL A","7025251","2019-11-27","2019","11","27","","3.1","","-3.5","","-0.2","","18.2","","0.0","","16.2","","0.0","","16.2","","0","T","5","","50",""
"-73.74","45.47","MONTREAL INTL A","7025251","2019-11-28","2019","11","28","","0.9","","-2.0","","-0.6","","18.6","","0.0","","0.0","","1.0","","1.4","","1","","2","","54",""
"-73.74","45.47","MONTREAL INTL A","7025251","2019-11-29","2019","11","29","","-1.1","","-8.5","","-4.8","","22.8","","0.0","","0.0","","0.0","","0.0","","0","T","","M","","M"
"-73.74","45.47","MONTREAL INTL A","7025251","2019-11-30","2019","11","30","","-4.7","","-10.6","","-7.7","","25.7","","0.0","","0.0","","0.0","","0.0","","0","T","","M","","M"
"-73.74","45.47","MONTREAL INTL A","7025251","2019-12-01","2019","12","01","","-5.7","","-12.6","","-9.2","","27.2","","0.0","","0.0","","0.0","","0.0","","","","4","","42",""
"-73.74","45.47","MONTREAL INTL A","7025251","2019-12-02","2019","12","02","","-1.9","","-7.2","","-4.6","","22.6","","0.0","","0.0","","0.0","","0.0","","0","T","3","","48",""
"-73.74","45.47","MONTREAL INTL A","7025251","2019-12-03","2019","12","03","","1.1","","-7.5","","-3.2","","21.2","","0.0","","0.0","","0.0","","0.0","","0","T","1","","35",""
"-73.74","45.47","MONTREAL INTL A","7025251","2019-12-04","2019","12","04","","0.3","","-4.8","","-2.3","","20.3","","0.0","","0.0","","2.6","","2.6","","1","E","","M","","M"
"-73.74","45.47","MONTREAL INTL A","7025251","2019-12-05","2019","12","05","","0.6","","-5.5","","-2.5","","20.5","","0.0","","0.0","","1.8","","1.8","","4","","26","","50",""
"-73.74","45.47","MONTREAL INTL A","7025251","2019-12-06","2019","12","06","","-3.9","","-9.5","","-6.7","","24.7","","0.0","","0.0","","0.8","","0.8","","4","","28","","39",""
"-73.74","45.47","MONTREAL INTL A","7025251","2019-12-07","2019","12","07","","-4.7","","-12.5","","-8.6","","26.6","","0.0","","0.0","","0.0","","0.0","","4","","26","","32",""
"-73.74","45.47","MONTREAL INTL A","7025251","2019-12-08","2019","12","08","","0.7","","-11.9","","-5.6","","23.6","","0.0","","0.0","","0.2","","0.2","","3","","16","","50",""
"-73.74","45.47","MONTREAL INTL A","7025251","2019-12-09","2019","12","09","","7.9","","0.4","","4.2","","13.8","","0.0","","7.0","","0.0","T","7.0","","2","","14","","35",""
"-73.74","45.47","MONTREAL INTL A","7025251","2019-12-10","2019","12","10","","9.6","","-8.5","","0.6","","17.4","","0.0","","0.0","T","0.0","","0.0","T","","","26","","65",""
"-73.74","45.47","MONTREAL INTL A","7025251","2019-12-11","2019","12","11","","-2.5","","-11.0","","-6.8","","24.8","","0.0","","0.0","","2.6","","1.4","","3","E","27","","67",""
"-73.74","45.47","MONTREAL INTL A","7025251","2019-12-12","2019","12","12","","-3.0","","-10.0","","-6.5","","24.5","","0.0","","0.0","","0.0","","0.0","","1","","28","","42",""
"-73.74","45.47","MONTREAL INTL A","7025251","2019-12-13","2019","12","13","","4.1","","-3.3","","0.4","","17.6","","0.0","","3.0","","0.0","","3.0","","1","","15","","32",""
"-73.74","45.47","MONTREAL INTL A","7025251","2019-12-14","2019","12","14","","3.5","","0.7","","2.1","","15.9","","0.0","","13.0","","0.0","T","13.0","","","","23","","59",""
"-73.74","45.47","MONTREAL INTL A","7025251","2019-12-15","2019","12","15","","1.0","","-9.9","","-4.5","","22.5","","0.0","","0.0","","0.4","","0.4","","0","T","26","","71",""
"-73.74","45.47","MONTREAL INTL A","7025251","2019-12-16","2019","12","16","","-4.0","","-11.7","","-7.9","","25.9","","0.0","","0.0","","0.0","T","0.0","T","0","T","29","","46",""
"-73.74","45.47","MONTREAL INTL A","7025251","2019-12-17","2019","12","17","","-1.1","","-4.7","","-2.9","","20.9","","0.0","","0.0","","1.0","","1.0","","0","T","","M","","M"
"-73.74","45.47","MONTREAL INTL A","7025251","2019-12-18","2019","12","18","","-2.7","","-18.3","","-10.5","","28.5","","0.0","","0.0","","4.0","","4.0","","2","","26","","59",""
"-73.74","45.47","MONTREAL INTL A","7025251","2019-12-19","2019","12","19","","-14.7","","-20.4","","-17.6","","35.6","","0.0","","0.0","","0.0","","0.0","","4","","27","","54",""
"-73.74","45.47","MONTREAL INTL A","7025251","2019-12-20","2019","12","20","","-11.4","","-17.1","","-14.3","","32.3","","0.0","","0.0","","0.0","","0.0","","3","","","M","","M"
"-73.74","45.47","MONTREAL INTL A","7025251","2019-12-21","2019","12","21","","-8.5","","-15.5","","-12.0","","30.0","","0.0","","0.0","","0.0","","0.0","","3","","","M","","M"
"-73.74","45.47","MONTREAL INTL A","7025251","2019-12-22","2019","12","22","","3.1","","-10.3","","-3.6","","21.6","","0.0","","0.0","","0.0","","0.0","","3","","","","","M"
"-73.74","45.47","MONTREAL INTL A","7025251","2019-12-23","2019","12","23","","7.2","","-1.2","","3.0","","15.0","","0.0","","0.0","T","0.0","","0.0","T","0","T","23","","55",""
"-73.74","45.47","MONTREAL INTL A","7025251","2019-12-24","2019","12","24","","0.8","","-6.0","","-2.6","","20.6","","0.0","","0.0","","0.0","","0.0","","0","T","31","","41",""
"-73.74","45.47","MONTREAL INTL A","7025251","2019-12-25","2019","12","25","","-2.9","","-7.1","","-5.0","","23.0","","0.0","","0.0","","0.0","","0.0","","","","5","","39",""
"-73.74","45.47","MONTREAL INTL A","7025251","2019-12-26","2019","12","26","","-3.7","","-9.1","","-6.4","","24.4","","0.0","","0.4","","0.0","T","0.8","","0","T","4","","41",""
"-73.74","45.47","MONTREAL INTL A","7025251","2019-12-27","2019","12","27","","3.1","","-4.7","","-0.8","","18.8","","0.0","","5.6","","0.0","","5.6","","0","T","25","","41",""
"-73.74","45.47","MONTREAL INTL A","7025251","2019-12-28","2019","12","28","","3.8","","-1.9","","1.0","","17.0","","0.0","","0.0","","0.0","","0.0","","0","T","23","","46",""
"-73.74","45.47","MONTREAL INTL A","7025251","2019-12-29","2019","12","29","","0.7","","-2.8","","-1.1","","19.1","","0.0","","0.0","","0.0","","0.0","","0","T","5","","45",""
"-73.74","45.47","MONTREAL INTL A","7025251","2019-12-30","2019","12","30","","-0.8","","-4.0","","-2.4","","20.4","","0.0","","3.4","","9.8","","19.6","","0","T","6","","59",""
"-73.74","45.47","MONTREAL INTL A","7025251","2019-12-31","2019","12","31","","1.1","","-1.9","","-0.4","","18.4","","0.0","","0.0","","10.4","","10.4","","11","","8","","33",""
