year,month,day,am_pm,rides_count,weekday,isHoliday,isWeekend,mean_temperature,total_precipitation,label3,label5
2014,4,15,False,742,1,False,False,5.6,9.0,1,1
2014,4,15,True,835,1,False,False,5.6,9.0,1,1
2014,4,16,False,2462,2,False,False,-3.4,0.0,1,1
2014,4,16,True,718,2,False,False,-3.4,0.0,1,1
2014,4,17,False,4178,3,False,False,2.4,0.0,1,1
2014,4,17,True,1674,3,False,False,2.4,0.0,1,1
2014,4,18,False,4007,4,True,False,6.3,0.0,1,1
2014,4,18,True,1318,4,True,False,6.3,0.0,1,1
2014,4,19,False,4726,5,False,True,5.1,0.4,1,1
2014,4,19,True,1305,5,False,True,5.1,0.4,1,1
2014,4,20,False,4656,6,False,True,5.8,0.0,1,1
2014,4,20,True,1402,6,False,True,5.8,0.0,1,1
2014,4,21,False,4994,0,True,False,13.3,1.2,1,1
2014,4,21,True,1845,0,True,False,13.3,1.2,1,1
2014,4,22,False,2017,1,False,False,9.9,10.4,1,1
2014,4,22,True,2712,1,False,False,9.9,10.4,1,1
2014,4,23,False,5628,2,False,False,7.7,0.0,1,2
2014,4,23,True,2996,2,False,False,7.7,0.0,1,1
2014,4,24,False,7344,3,False,False,7.3,0.0,2,3
2014,4,24,True,3232,3,False,False,7.3,0.0,1,1
2014,4,25,False,8263,4,False,False,5.8,0.0,2,3
2014,4,25,True,3588,4,False,False,5.8,0.0,1,1
2014,4,26,False,1328,5,False,True,5.6,11.4,1,1
2014,4,26,True,1578,5,False,True,5.6,11.4,1,1
2014,4,27,False,4689,6,False,True,6.4,2.0,1,1
2014,4,27,True,1215,6,False,True,6.4,2.0,1,1
2014,4,28,False,7114,0,False,False,7.1,0.0,2,2
2014,4,28,True,3555,0,False,False,7.1,0.0,1,1
2014,4,29,False,8260,1,False,False,11.1,2.8,2,3
2014,4,29,True,3978,1,False,False,11.1,2.8,1,1
2014,4,30,False,2685,2,False,False,7.9,30.8,1,1
2014,4,30,True,3220,2,False,False,7.9,30.8,1,1
2014,5,1,False,7744,3,False,False,11.1,8.2,2,3
2014,5,1,True,1237,3,False,False,11.1,8.2,1,1
2014,5,2,False,8664,4,False,False,10.6,0.6,2,3
2014,5,2,True,3695,4,False,False,10.6,0.6,1,1
2014,5,3,False,6570,5,False,True,12.1,0.8,1,2
2014,5,3,True,2658,5,False,True,12.1,0.8,1,1
2014,5,4,False,2574,6,False,True,9.7,19.4,1,1
2014,5,4,True,1233,6,False,True,9.7,19.4,1,1
2014,5,5,False,8736,0,False,False,9.9,0.0,2,3
2014,5,5,True,3470,0,False,False,9.9,0.0,1,1
2014,5,6,False,10446,1,False,False,9.6,0.0,2,3
2014,5,6,True,4504,1,False,False,9.6,0.0,1,1
2014,5,7,False,11452,2,False,False,9.5,0.0,2,3
2014,5,7,True,5030,2,False,False,9.5,0.0,1,1
2014,5,8,False,11780,3,False,False,11.0,0.0,2,3
2014,5,8,True,5363,3,False,False,11.0,0.0,1,2
2014,5,9,False,9956,4,False,False,14.8,4.2,2,3
2014,5,9,True,4672,4,False,False,14.8,4.2,1,1
2014,5,10,False,11463,5,False,True,17.9,4.4,2,3
2014,5,10,True,2647,5,False,True,17.9,4.4,1,1
2014,5,11,False,9877,6,False,True,16.7,0.0,2,3
2014,5,11,True,3375,6,False,True,16.7,0.0,1,1
2014,5,12,False,12189,0,False,False,15.8,0.0,2,4
2014,5,12,True,5257,0,False,False,15.8,0.0,1,2
2014,5,13,False,10609,1,False,False,13.4,1.4,2,3
2014,5,13,True,5141,1,False,False,13.4,1.4,1,2
2014,5,14,False,12151,2,False,False,19.3,0.0,2,4
2014,5,14,True,5447,2,False,False,19.3,0.0,1,2
2014,5,15,False,12814,3,False,False,22.9,0.0,2,4
2014,5,15,True,6231,3,False,False,22.9,0.0,1,2
2014,5,16,False,3042,4,False,False,16.3,29.8,1,1
2014,5,16,True,5600,4,False,False,16.3,29.8,1,2
2014,5,17,False,9371,5,False,True,11.9,10.8,2,3
2014,5,17,True,2014,5,False,True,11.9,10.8,1,1
2014,5,18,False,10967,6,False,True,11.5,0.0,2,3
2014,5,18,True,3048,6,False,True,11.5,0.0,1,1
2014,5,19,False,11205,0,True,False,14.7,0.0,2,3
2014,5,19,True,2985,0,True,False,14.7,0.0,1,1
2014,5,20,False,13542,1,False,False,15.8,0.0,2,4
2014,5,20,True,5975,1,False,False,15.8,0.0,1,2
2014,5,21,False,13828,2,False,False,17.1,0.0,3,4
2014,5,21,True,6344,2,False,False,17.1,0.0,1,2
2014,5,22,False,7783,3,False,False,16.0,1.0,2,3
2014,5,22,True,6238,3,False,False,16.0,1.0,1,2
2014,5,23,False,12049,4,False,False,15.8,0.0,2,3
2014,5,23,True,5519,4,False,False,15.8,0.0,1,2
2014,5,24,False,13137,5,False,True,16.4,0.0,2,4
2014,5,24,True,4155,5,False,True,16.4,0.0,1,1
2014,5,25,False,12569,6,False,True,17.3,4.6,2,4
2014,5,25,True,4379,6,False,True,17.3,4.6,1,1
2014,5,26,False,8347,0,False,False,19.6,3.6,2,3
2014,5,26,True,5512,0,False,False,19.6,3.6,1,2
2014,5,27,False,7100,1,False,False,12.8,4.2,2,2
2014,5,27,True,2140,1,False,False,12.8,4.2,1,1
2014,5,28,False,11051,2,False,False,12.1,0.6,2,3
2014,5,28,True,3282,2,False,False,12.1,0.6,1,1
2014,5,29,False,14469,3,False,False,13.3,0.0,3,4
2014,5,29,True,6007,3,False,False,13.3,0.0,1,2
2014,5,30,False,13026,4,False,False,17.3,2.0,2,4
2014,5,30,True,5607,4,False,False,17.3,2.0,1,2
2014,5,31,False,13513,5,False,True,14.7,0.0,2,4
2014,5,31,True,4472,5,False,True,14.7,0.0,1,1
2014,6,1,False,13251,6,False,True,17.5,0.0,2,4
2014,6,1,True,4190,6,False,True,17.5,0.0,1,1
2014,6,2,False,13996,0,False,False,23.1,0.0,3,4
2014,6,2,True,6302,0,False,False,23.1,0.0,1,2
2014,6,3,False,7014,1,False,False,23.6,22.0,2,2
2014,6,3,True,6167,1,False,False,23.6,22.0,1,2
2014,6,4,False,13016,2,False,False,17.7,0.2,2,4
2014,6,4,True,6831,2,False,False,17.7,0.2,2,2
2014,6,5,False,10911,3,False,False,15.2,0.6,2,3
2014,6,5,True,6235,3,False,False,15.2,0.6,1,2
2014,6,6,False,13824,4,False,False,18.0,0.0,3,4
2014,6,6,True,5759,4,False,False,18.0,0.0,1,2
2014,6,7,False,14612,5,False,True,20.4,0.0,3,4
2014,6,7,True,4933,5,False,True,20.4,0.0,1,1
2014,6,8,False,12256,6,False,True,21.3,0.0,2,4
2014,6,8,True,4703,6,False,True,21.3,0.0,1,1
2014,6,9,False,13809,0,False,False,23.6,0.0,3,4
2014,6,9,True,6108,0,False,False,23.6,0.0,1,2
2014,6,10,False,14211,1,False,False,20.2,0.4,3,4
2014,6,10,True,5117,1,False,False,20.2,0.4,1,2
2014,6,11,False,9654,2,False,False,18.6,10.4,2,3
2014,6,11,True,6890,2,False,False,18.6,10.4,2,2
2014,6,12,False,4899,3,False,False,15.4,26.2,1,1
2014,6,12,True,1928,3,False,False,15.4,26.2,1,1
2014,6,13,False,6218,4,False,False,18.4,41.4,1,2
2014,6,13,True,2112,4,False,False,18.4,41.4,1,1
2014,6,14,False,10799,5,False,True,17.2,1.4,2,3
2014,6,14,True,2966,5,False,True,17.2,1.4,1,1
2014,6,15,False,12274,6,False,True,18.6,0.0,2,4
2014,6,15,True,3951,6,False,True,18.6,0.0,1,1
2014,6,16,False,13618,0,False,False,18.1,0.0,3,4
2014,6,16,True,6464,0,False,False,18.1,0.0,1,2
2014,6,17,False,12970,1,False,False,20.6,23.4,2,4
2014,6,17,True,6915,1,False,False,20.6,23.4,2,2
2014,6,18,False,14509,2,False,False,21.2,2.0,3,4
2014,6,18,True,6299,2,False,False,21.2,2.0,1,2
2014,6,19,False,16353,3,False,False,19.6,0.0,3,5
2014,6,19,True,7250,3,False,False,19.6,0.0,2,2
2014,6,20,False,14311,4,False,False,16.9,0.0,3,4
2014,6,20,True,6893,4,False,False,16.9,0.0,2,2
2014,6,21,False,11775,5,False,True,16.3,0.0,2,3
2014,6,21,True,4369,5,False,True,16.3,0.0,1,1
2014,6,22,False,12492,6,False,True,17.7,0.0,2,4
2014,6,22,True,3932,6,False,True,17.7,0.0,1,1
2014,6,23,False,14009,0,False,False,20.1,0.0,3,4
2014,6,23,True,5335,0,False,False,20.1,0.0,1,2
2014,6,24,False,2792,1,True,False,20.6,40.0,1,1
2014,6,24,True,3225,1,True,False,20.6,40.0,1,1
2014,6,25,False,13288,2,False,False,21.1,0.2,2,4
2014,6,25,True,4914,2,False,False,21.1,0.2,1,1
2014,6,26,False,15833,3,False,False,21.7,0.0,3,4
2014,6,26,True,6929,3,False,False,21.7,0.0,2,2
2014,6,27,False,15200,4,False,False,21.7,0.0,3,4
2014,6,27,True,7042,4,False,False,21.7,0.0,2,2
2014,6,28,False,13633,5,False,True,22.8,0.0,3,4
2014,6,28,True,4895,5,False,True,22.8,0.0,1,1
2014,6,29,False,12202,6,False,True,24.9,0.0,2,4
2014,6,29,True,4890,6,False,True,24.9,0.0,1,1
2014,6,30,False,13247,0,False,False,26.3,0.0,2,4
2014,6,30,True,5343,0,False,False,26.3,0.0,1,2
2014,7,1,False,11591,1,True,False,27.4,0.0,2,3
2014,7,1,True,4424,1,True,False,27.4,0.0,1,1
2014,7,2,False,14745,2,False,False,25.5,0.0,3,4
2014,7,2,True,6673,2,False,False,25.5,0.0,2,2
2014,7,3,False,12814,3,False,False,21.7,0.6,2,4
2014,7,3,True,6959,3,False,False,21.7,0.6,2,2
2014,7,4,False,14974,4,False,False,19.7,3.2,3,4
2014,7,4,True,5324,4,False,False,19.7,3.2,1,2
2014,7,5,False,13644,5,False,True,21.1,0.0,3,4
2014,7,5,True,4829,5,False,True,21.1,0.0,1,1
2014,7,6,False,12426,6,False,True,23.1,0.0,2,4
2014,7,6,True,3999,6,False,True,23.1,0.0,1,1
2014,7,7,False,7154,0,False,False,21.5,10.0,2,2
2014,7,7,True,5719,0,False,False,21.5,10.0,1,2
2014,7,8,False,11861,1,False,False,24.8,7.0,2,3
2014,7,8,True,6752,1,False,False,24.8,7.0,2,2
2014,7,9,False,14449,2,False,False,20.6,0.0,3,4
2014,7,9,True,6050,2,False,False,20.6,0.0,1,2
2014,7,10,False,15144,3,False,False,18.7,0.0,3,4
2014,7,10,True,7035,3,False,False,18.7,0.0,2,2
2014,7,11,False,15304,4,False,False,19.4,0.0,3,4
2014,7,11,True,7043,4,False,False,19.4,0.0,2,2
2014,7,12,False,13189,5,False,True,21.7,0.0,2,4
2014,7,12,True,4887,5,False,True,21.7,0.0,1,1
2014,7,13,False,4835,6,False,True,21.8,11.0,1,1
2014,7,13,True,3467,6,False,True,21.8,11.0,1,1
2014,7,14,False,14026,0,False,False,20.9,0.0,3,4
2014,7,14,True,6368,0,False,False,20.9,0.0,1,2
2014,7,15,False,10660,1,False,False,19.8,2.8,2,3
2014,7,15,True,6362,1,False,False,19.8,2.8,1,2
2014,7,16,False,15801,2,False,False,20.7,0.0,3,4
2014,7,16,True,6931,2,False,False,20.7,0.0,2,2
2014,7,17,False,14728,3,False,False,18.7,0.2,3,4
2014,7,17,True,6840,3,False,False,18.7,0.2,2,2
2014,7,18,False,15010,4,False,False,20.1,0.0,3,4
2014,7,18,True,6656,4,False,False,20.1,0.0,2,2
2014,7,19,False,13985,5,False,True,22.0,0.0,3,4
2014,7,19,True,4762,5,False,True,22.0,0.0,1,1
2014,7,20,False,12073,6,False,True,23.5,0.0,2,3
2014,7,20,True,4273,6,False,True,23.5,0.0,1,1
2014,7,21,False,14219,0,False,False,25.1,0.0,3,4
2014,7,21,True,6310,0,False,False,25.1,0.0,1,2
2014,7,22,False,14544,1,False,False,25.1,0.0,3,4
2014,7,22,True,6835,1,False,False,25.1,0.0,2,2
2014,7,23,False,13032,2,False,False,22.1,11.4,2,4
2014,7,23,True,3374,2,False,False,22.1,11.4,1,1
2014,7,24,False,15756,3,False,False,18.4,0.0,3,4
2014,7,24,True,7005,3,False,False,18.4,0.0,2,2
2014,7,25,False,14589,4,False,False,20.3,0.0,3,4
2014,7,25,True,6549,4,False,False,20.3,0.0,1,2
2014,7,26,False,12844,5,False,True,21.0,0.2,2,4
2014,7,26,True,4455,5,False,True,21.0,0.2,1,1
2014,7,27,False,8778,6,False,True,21.5,10.2,2,3
2014,7,27,True,2896,6,False,True,21.5,10.2,1,1
2014,7,28,False,3012,0,False,False,16.4,9.8,1,1
2014,7,28,True,4872,0,False,False,16.4,9.8,1,1
2014,7,29,False,14060,1,False,False,16.7,0.0,3,4
2014,7,29,True,5954,1,False,False,16.7,0.0,1,2
2014,7,30,False,12483,2,False,False,18.9,0.8,2,4
2014,7,30,True,6463,2,False,False,18.9,0.8,1,2
2014,7,31,False,11295,3,False,False,18.1,12.8,2,3
2014,7,31,True,6261,3,False,False,18.1,12.8,1,2
2014,8,1,False,15040,4,False,False,20.5,0.0,3,4
2014,8,1,True,6598,4,False,False,20.5,0.0,1,2
2014,8,2,False,14248,5,False,True,22.0,0.0,3,4
2014,8,2,True,5029,5,False,True,22.0,0.0,1,1
2014,8,3,False,13097,6,False,True,22.3,0.0,2,4
2014,8,3,True,5007,6,False,True,22.3,0.0,1,1
2014,8,4,False,14402,0,False,False,23.0,0.6,3,4
2014,8,4,True,5493,0,False,False,23.0,0.6,1,2
2014,8,5,False,13423,1,False,False,21.6,1.6,2,4
2014,8,5,True,6601,1,False,False,21.6,1.6,1,2
2014,8,6,False,14656,2,False,False,20.3,0.0,3,4
2014,8,6,True,6842,2,False,False,20.3,0.0,2,2
2014,8,7,False,13500,3,False,False,19.5,6.2,2,4
2014,8,7,True,6612,3,False,False,19.5,6.2,1,2
2014,8,8,False,14984,4,False,False,20.5,0.0,3,4
2014,8,8,True,6612,4,False,False,20.5,0.0,1,2
2014,8,9,False,12567,5,False,True,22.1,0.0,2,4
2014,8,9,True,4849,5,False,True,22.1,0.0,1,1
2014,8,10,False,11869,6,False,True,22.6,0.0,2,3
2014,8,10,True,4103,6,False,True,22.6,0.0,1,1
2014,8,11,False,14316,0,False,False,23.8,0.0,3,4
2014,8,11,True,6346,0,False,False,23.8,0.0,1,2
2014,8,12,False,12556,1,False,False,23.5,2.2,2,4
2014,8,12,True,6681,1,False,False,23.5,2.2,2,2
2014,8,13,False,2708,2,False,False,18.6,44.4,1,1
2014,8,13,True,1361,2,False,False,18.6,44.4,1,1
2014,8,14,False,11799,3,False,False,14.8,0.0,2,3
2014,8,14,True,5549,3,False,False,14.8,0.0,1,2
2014,8,15,False,10252,4,False,False,14.9,5.2,2,3
2014,8,15,True,3198,4,False,False,14.9,5.2,1,1
2014,8,16,False,4209,5,False,True,16.6,13.2,1,1
2014,8,16,True,3320,5,False,True,16.6,13.2,1,1
2014,8,17,False,10138,6,False,True,18.7,0.0,2,3
2014,8,17,True,2535,6,False,True,18.7,0.0,1,1
2014,8,18,False,13096,0,False,False,17.0,0.0,2,4
2014,8,18,True,5916,0,False,False,17.0,0.0,1,2
2014,8,19,False,14709,1,False,False,17.1,0.0,3,4
2014,8,19,True,6509,1,False,False,17.1,0.0,1,2
2014,8,20,False,14386,2,False,False,20.1,0.0,3,4
2014,8,20,True,6918,2,False,False,20.1,0.0,2,2
2014,8,21,False,12986,3,False,False,20.5,0.0,2,4
2014,8,21,True,6340,3,False,False,20.5,0.0,1,2
2014,8,22,False,13578,4,False,False,20.6,0.0,2,4
2014,8,22,True,6100,4,False,False,20.6,0.0,1,2
2014,8,23,False,12797,5,False,True,20.4,0.0,2,4
2014,8,23,True,4355,5,False,True,20.4,0.0,1,1
2014,8,24,False,11846,6,False,True,21.1,0.0,2,3
2014,8,24,True,4169,6,False,True,21.1,0.0,1,1
2014,8,25,False,13765,0,False,False,23.3,0.0,3,4
2014,8,25,True,6344,0,False,False,23.3,0.0,1,2
2014,8,26,False,14516,1,False,False,22.8,0.4,3,4
2014,8,26,True,6851,1,False,False,22.8,0.4,2,2
2014,8,27,False,13685,2,False,False,22.0,0.0,3,4
2014,8,27,True,6589,2,False,False,22.0,0.0,1,2
2014,8,28,False,13210,3,False,False,18.1,0.0,2,4
2014,8,28,True,6726,3,False,False,18.1,0.0,2,2
2014,8,29,False,14623,4,False,False,17.0,0.0,3,4
2014,8,29,True,6710,4,False,False,17.0,0.0,2,2
2014,8,30,False,12611,5,False,True,22.0,0.2,2,4
2014,8,30,True,4488,5,False,True,22.0,0.2,1,1
2014,8,31,False,9286,6,False,True,22.6,11.2,2,3
2014,8,31,True,3171,6,False,True,22.6,11.2,1,1
2014,9,1,False,10867,0,True,False,22.3,0.0,2,3
2014,9,1,True,3205,0,True,False,22.3,0.0,1,1
2014,9,2,False,10667,1,False,False,23.5,4.4,2,3
2014,9,2,True,6631,1,False,False,23.5,4.4,1,2
2014,9,3,False,14622,2,False,False,21.8,0.0,3,4
2014,9,3,True,6786,2,False,False,21.8,0.0,2,2
2014,9,4,False,14681,3,False,False,22.0,0.4,3,4
2014,9,4,True,7015,3,False,False,22.0,0.4,2,2
2014,9,5,False,11836,4,False,False,25.5,3.0,2,3
2014,9,5,True,6973,4,False,False,25.5,3.0,2,2
2014,9,6,False,7142,5,False,True,16.9,5.0,2,2
2014,9,6,True,2591,5,False,True,16.9,5.0,1,1
2014,9,7,False,10632,6,False,True,16.4,0.0,2,3
2014,9,7,True,3787,6,False,True,16.4,0.0,1,1
2014,9,8,False,13617,0,False,False,18.1,0.0,3,4
2014,9,8,True,6366,0,False,False,18.1,0.0,1,2
2014,9,9,False,13611,1,False,False,18.7,0.0,2,4
2014,9,9,True,6801,1,False,False,18.7,0.0,2,2
2014,9,10,False,13828,2,False,False,19.7,0.0,3,4
2014,9,10,True,6761,2,False,False,19.7,0.0,2,2
2014,9,11,False,10446,3,False,False,17.6,7.2,2,3
2014,9,11,True,3310,3,False,False,17.6,7.2,1,1
2014,9,12,False,11153,4,False,False,10.1,0.0,2,3
2014,9,12,True,5623,4,False,False,10.1,0.0,1,2
2014,9,13,False,2867,5,False,True,9.3,19.0,1,1
2014,9,13,True,3184,5,False,True,9.3,19.0,1,1
2014,9,14,False,6976,6,False,True,7.8,0.0,2,2
2014,9,14,True,2583,6,False,True,7.8,0.0,1,1
2014,9,15,False,11218,0,False,False,11.6,0.2,2,3
2014,9,15,True,5206,0,False,False,11.6,0.2,1,2
2014,9,16,False,11845,1,False,False,14.0,0.4,2,3
2014,9,16,True,5403,1,False,False,14.0,0.4,1,2
2014,9,17,False,11263,2,False,False,12.6,2.6,2,3
2014,9,17,True,6001,2,False,False,12.6,2.6,1,2
2014,9,18,False,11128,3,False,False,7.9,0.2,2,3
2014,9,18,True,5686,3,False,False,7.9,0.2,1,2
2014,9,19,False,11612,4,False,False,7.1,0.0,2,3
2014,9,19,True,5366,4,False,False,7.1,0.0,1,2
2014,9,20,False,8901,5,False,True,14.5,0.2,2,3
2014,9,20,True,3243,5,False,True,14.5,0.2,1,1
2014,9,21,False,6064,6,False,True,18.6,6.2,1,2
2014,9,21,True,2500,6,False,True,18.6,6.2,1,1
2014,9,22,False,9822,0,False,False,10.5,0.0,2,3
2014,9,22,True,5096,0,False,False,10.5,0.0,1,2
2014,9,23,False,10925,1,False,False,12.3,1.2,2,3
2014,9,23,True,4609,1,False,False,12.3,1.2,1,1
2014,9,24,False,12116,2,False,False,14.3,0.0,2,4
2014,9,24,True,5477,2,False,False,14.3,0.0,1,2
2014,9,25,False,12863,3,False,False,16.8,0.0,2,4
2014,9,25,True,5945,3,False,False,16.8,0.0,1,2
2014,9,26,False,13133,4,False,False,18.7,0.0,2,4
2014,9,26,True,6143,4,False,False,18.7,0.0,1,2
2014,9,27,False,11693,5,False,True,19.2,0.0,2,3
2014,9,27,True,4188,5,False,True,19.2,0.0,1,1
2014,9,28,False,10202,6,False,True,19.8,0.0,2,3
2014,9,28,True,4210,6,False,True,19.8,0.0,1,1
2014,9,29,False,9809,0,False,False,13.4,0.0,2,3
2014,9,29,True,5373,0,False,False,13.4,0.0,1,2
2014,9,30,False,10616,1,False,False,13.3,0.0,2,3
2014,9,30,True,5328,1,False,False,13.3,0.0,1,2
2014,10,1,False,10832,2,False,False,13.5,0.0,2,3
2014,10,1,True,5278,2,False,False,13.5,0.0,1,2
2014,10,2,False,11576,3,False,False,14.5,0.0,2,3
2014,10,2,True,5531,3,False,False,14.5,0.0,1,2
2014,10,3,False,12107,4,False,False,16.0,0.0,2,4
2014,10,3,True,5455,4,False,False,16.0,0.0,1,2
2014,10,4,False,2325,5,False,True,13.2,23.6,1,1
2014,10,4,True,1605,5,False,True,13.2,23.6,1,1
2014,10,5,False,6370,6,False,True,10.8,0.0,1,2
2014,10,5,True,2283,6,False,True,10.8,0.0,1,1
2014,10,6,False,8970,0,False,False,12.2,0.4,2,3
2014,10,6,True,4944,0,False,False,12.2,0.4,1,1
2014,10,7,False,9318,1,False,False,15.1,4.0,2,3
2014,10,7,True,2158,1,False,False,15.1,4.0,1,1
2014,10,8,False,6427,2,False,False,13.1,19.8,1,2
2014,10,8,True,2055,2,False,False,13.1,19.8,1,1
2014,10,9,False,7710,3,False,False,8.9,0.8,2,3
2014,10,9,True,4686,3,False,False,8.9,0.8,1,1
2014,10,10,False,8245,4,False,False,8.2,0.0,2,3
2014,10,10,True,4431,4,False,False,8.2,0.0,1,1
2014,10,11,False,6352,5,False,True,7.9,0.0,1,2
2014,10,11,True,2420,5,False,True,7.9,0.0,1,1
2014,10,12,False,6469,6,False,True,7.9,0.0,1,2
2014,10,12,True,2197,6,False,True,7.9,0.0,1,1
2014,10,13,False,6314,0,True,False,10.0,0.0,1,2
2014,10,13,True,1851,0,True,False,10.0,0.0,1,1
2014,10,14,False,10559,1,False,False,19.3,0.0,2,3
2014,10,14,True,4954,1,False,False,19.3,0.0,1,1
2014,10,15,False,9139,2,False,False,20.9,6.4,2,3
2014,10,15,True,4805,2,False,False,20.9,6.4,1,1
2014,10,16,False,6005,3,False,False,18.2,7.6,1,2
2014,10,16,True,2625,3,False,False,18.2,7.6,1,1
2014,10,17,False,8623,4,False,False,16.4,0.4,2,3
2014,10,17,True,4699,4,False,False,16.4,0.4,1,1
2014,10,18,False,5129,5,False,True,11.4,1.4,1,2
2014,10,18,True,2629,5,False,True,11.4,1.4,1,1
2014,10,19,False,4701,6,False,True,5.3,0.0,1,1
2014,10,19,True,2144,6,False,True,5.3,0.0,1,1
2014,10,20,False,6160,0,False,False,4.3,1.2,1,2
2014,10,20,True,3923,0,False,False,4.3,1.2,1,1
2014,10,21,False,5027,1,False,False,6.5,3.0,1,1
2014,10,21,True,2808,1,False,False,6.5,3.0,1,1
2014,10,22,False,7353,2,False,False,9.3,0.0,2,3
2014,10,22,True,3588,2,False,False,9.3,0.0,1,1
2014,10,23,False,3650,3,False,False,7.8,5.8,1,1
2014,10,23,True,3746,3,False,False,7.8,5.8,1,1
2014,10,24,False,7851,4,False,False,8.2,1.0,2,3
2014,10,24,True,3147,4,False,False,8.2,1.0,1,1
2014,10,25,False,4462,5,False,True,9.2,3.8,1,1
2014,10,25,True,2650,5,False,True,9.2,3.8,1,1
2014,10,26,False,4884,6,False,True,9.1,0.8,1,1
2014,10,26,True,1916,6,False,True,9.1,0.8,1,1
2014,10,27,False,7588,0,False,False,8.5,0.2,2,3
2014,10,27,True,3758,0,False,False,8.5,0.2,1,1
2014,10,28,False,7151,1,False,False,10.4,6.2,2,2
2014,10,28,True,3323,1,False,False,10.4,6.2,1,1
2014,10,29,False,8164,2,False,False,11.4,0.6,2,3
2014,10,29,True,3787,2,False,False,11.4,0.6,1,1
2014,10,30,False,7595,3,False,False,6.4,0.0,2,3
2014,10,30,True,4131,3,False,False,6.4,0.0,1,1
2014,10,31,False,7305,4,False,False,4.4,0.0,2,2
2014,10,31,True,3930,4,False,False,4.4,0.0,1,1
2015,4,15,False,5604,2,False,False,7.9,0.0,1,2
2015,4,15,True,2347,2,False,False,7.9,0.0,1,1
2015,4,16,False,6896,3,False,False,8.0,0.0,2,2
2015,4,16,True,3093,3,False,False,8.0,0.0,1,1
2015,4,17,False,7845,4,False,False,13.3,0.0,2,3
2015,4,17,True,3441,4,False,False,13.3,0.0,1,1
2015,4,18,False,4034,5,False,True,6.2,0.0,1,1
2015,4,18,True,2188,5,False,True,6.2,0.0,1,1
2015,4,19,False,6819,6,False,True,6.4,0.0,2,2
2015,4,19,True,1792,6,False,True,6.4,0.0,1,1
2015,4,20,False,2840,0,False,False,7.6,12.4,1,1
2015,4,20,True,2482,0,False,False,7.6,12.4,1,1
2015,4,21,False,5616,1,False,False,8.4,17.6,1,2
2015,4,21,True,1002,1,False,False,8.4,17.6,1,1
2015,4,22,False,3924,2,False,False,6.9,3.0,1,1
2015,4,22,True,3215,2,False,False,6.9,3.0,1,1
2015,4,23,False,5255,3,False,False,4.1,2.2,1,2
2015,4,23,True,1914,3,False,False,4.1,2.2,1,1
2015,4,24,False,5365,4,False,False,2.5,0.0,1,2
2015,4,24,True,2812,4,False,False,2.5,0.0,1,1
2015,4,25,False,6230,5,False,True,6.4,0.0,1,2
2015,4,25,True,1992,5,False,True,6.4,0.0,1,1
2015,4,26,False,5936,6,False,True,7.8,0.0,1,2
2015,4,26,True,2428,6,False,True,7.8,0.0,1,1
2015,4,27,False,6775,0,False,False,10.0,0.8,2,2
2015,4,27,True,2831,0,False,False,10.0,0.8,1,1
2015,4,28,False,10185,1,False,False,11.7,0.0,2,3
2015,4,28,True,4500,1,False,False,11.7,0.0,1,1
2015,4,29,False,10367,2,False,False,11.5,0.0,2,3
2015,4,29,True,4897,2,False,False,11.5,0.0,1,1
2015,4,30,False,10623,3,False,False,11.3,0.0,2,3
2015,4,30,True,5023,3,False,False,11.3,0.0,1,1
2015,5,1,False,12415,4,False,False,13.5,0.0,2,4
2015,5,1,True,5338,4,False,False,13.5,0.0,1,2
2015,5,2,False,14025,5,False,True,15.5,0.0,3,4
2015,5,2,True,4021,5,False,True,15.5,0.0,1,1
2015,5,3,False,12636,6,False,True,17.8,0.0,2,4
2015,5,3,True,4211,6,False,True,17.8,0.0,1,1
2015,5,4,False,10083,0,False,False,20.7,1.6,2,3
2015,5,4,True,5862,0,False,False,20.7,1.6,1,2
2015,5,5,False,13406,1,False,False,14.9,0.0,2,4
2015,5,5,True,6223,1,False,False,14.9,0.0,1,2
2015,5,6,False,14062,2,False,False,16.0,0.0,3,4
2015,5,6,True,6446,2,False,False,16.0,0.0,1,2
2015,5,7,False,14746,3,False,False,19.2,0.0,3,4
2015,5,7,True,6584,3,False,False,19.2,0.0,1,2
2015,5,8,False,15979,4,False,False,21.0,0.0,3,4
2015,5,8,True,6908,4,False,False,21.0,0.0,2,2
2015,5,9,False,10864,5,False,True,20.5,9.8,2,3
2015,5,9,True,4929,5,False,True,20.5,9.8,1,1
2015,5,10,False,7707,6,False,True,19.3,1.4,2,3
2015,5,10,True,4164,6,False,True,19.3,1.4,1,1
2015,5,11,False,6757,0,False,False,10.9,17.6,2,2
2015,5,11,True,1179,0,False,False,10.9,17.6,1,1
2015,5,12,False,9592,1,False,False,15.9,8.8,2,3
2015,5,12,True,3592,1,False,False,15.9,8.8,1,1
2015,5,13,False,13290,2,False,False,12.1,0.0,2,4
2015,5,13,True,6090,2,False,False,12.1,0.0,1,2
2015,5,14,False,14439,3,False,False,12.2,0.0,3,4
2015,5,14,True,6507,3,False,False,12.2,0.0,1,2
2015,5,15,False,13781,4,False,False,14.3,0.0,3,4
2015,5,15,True,6333,4,False,False,14.3,0.0,1,2
2015,5,16,False,10646,5,False,True,17.7,0.0,2,3
2015,5,16,True,3996,5,False,True,17.7,0.0,1,1
2015,5,17,False,15299,6,False,True,19.3,0.0,3,4
2015,5,17,True,4453,6,False,True,19.3,0.0,1,1
2015,5,18,False,11643,0,True,False,20.6,9.4,2,3
2015,5,18,True,4238,0,True,False,20.6,9.4,1,1
2015,5,19,False,13354,1,False,False,19.4,0.0,2,4
2015,5,19,True,5603,1,False,False,19.4,0.0,1,2
2015,5,20,False,12527,2,False,False,11.2,0.0,2,4
2015,5,20,True,5741,2,False,False,11.2,0.0,1,2
2015,5,21,False,14198,3,False,False,13.9,0.0,3,4
2015,5,21,True,5951,3,False,False,13.9,0.0,1,2
2015,5,22,False,10602,4,False,False,8.6,0.4,2,3
2015,5,22,True,5627,4,False,False,8.6,0.4,1,2
2015,5,23,False,12097,5,False,True,10.0,0.0,2,3
2015,5,23,True,3649,5,False,True,10.0,0.0,1,1
2015,5,24,False,14284,6,False,True,19.2,0.0,3,4
2015,5,24,True,3640,6,False,True,19.2,0.0,1,1
2015,5,25,False,4119,0,False,False,18.3,24.8,1,1
2015,5,25,True,5773,0,False,False,18.3,24.8,1,2
2015,5,26,False,14884,1,False,False,21.9,0.0,3,4
2015,5,26,True,6107,1,False,False,21.9,0.0,1,2
2015,5,27,False,14172,2,False,False,24.6,0.0,3,4
2015,5,27,True,6969,2,False,False,24.6,0.0,2,2
2015,5,28,False,10815,3,False,False,17.2,6.0,2,3
2015,5,28,True,6635,3,False,False,17.2,6.0,1,2
2015,5,29,False,17686,4,False,False,17.9,0.0,3,5
2015,5,29,True,7257,4,False,False,17.9,0.0,2,2
2015,5,30,False,12445,5,False,True,20.8,4.2,2,4
2015,5,30,True,5732,5,False,True,20.8,4.2,1,2
2015,5,31,False,10379,6,False,True,11.4,2.0,2,3
2015,5,31,True,2988,6,False,True,11.4,2.0,1,1
2015,6,1,False,10157,0,False,False,11.6,2.8,2,3
2015,6,1,True,4244,0,False,False,11.6,2.8,1,1
2015,6,2,False,10664,1,False,False,9.9,2.0,2,3
2015,6,2,True,2455,1,False,False,9.9,2.0,1,1
2015,6,3,False,14630,2,False,False,11.1,0.0,3,4
2015,6,3,True,6412,2,False,False,11.1,0.0,1,2
2015,6,4,False,16350,3,False,False,16.3,0.0,3,5
2015,6,4,True,6979,3,False,False,16.3,0.0,2,2
2015,6,5,False,10329,4,False,False,19.3,8.6,2,3
2015,6,5,True,6543,4,False,False,19.3,8.6,1,2
2015,6,6,False,15880,5,False,True,14.4,0.0,3,4
2015,6,6,True,4766,5,False,True,14.4,0.0,1,1
2015,6,7,False,12581,6,False,True,14.7,0.0,2,4
2015,6,7,True,4809,6,False,True,14.7,0.0,1,1
2015,6,8,False,8511,0,False,False,18.2,27.8,2,3
2015,6,8,True,1682,0,False,False,18.2,27.8,1,1
2015,6,9,False,7636,1,False,False,19.1,8.8,2,3
2015,6,9,True,4802,1,False,False,19.1,8.8,1,1
2015,6,10,False,13227,2,False,False,19.8,4.0,2,4
2015,6,10,True,6893,2,False,False,19.8,4.0,2,2
2015,6,11,False,14816,3,False,False,19.7,0.0,3,4
2015,6,11,True,6199,3,False,False,19.7,0.0,1,2
2015,6,12,False,5758,4,False,False,17.5,11.4,1,2
2015,6,12,True,7041,4,False,False,17.5,11.4,2,2
2015,6,13,False,16674,5,False,True,19.6,0.0,3,5
2015,6,13,True,4725,5,False,True,19.6,0.0,1,1
2015,6,14,False,14726,6,False,True,18.1,0.0,3,4
2015,6,14,True,5373,6,False,True,18.1,0.0,1,2
2015,6,15,False,13220,0,False,False,19.3,0.6,2,4
2015,6,15,True,4915,0,False,False,19.3,0.6,1,1
2015,6,16,False,9750,1,False,False,18.4,25.6,2,3
2015,6,16,True,3305,1,False,False,18.4,25.6,1,1
2015,6,17,False,16634,2,False,False,16.2,0.0,3,5
2015,6,17,True,7031,2,False,False,16.2,0.0,2,2
2015,6,18,False,14232,3,False,False,21.0,4.2,3,4
2015,6,18,True,7248,3,False,False,21.0,4.2,2,2
2015,6,19,False,16238,4,False,False,16.2,0.0,3,5
2015,6,19,True,6563,4,False,False,16.2,0.0,1,2
2015,6,20,False,15756,5,False,True,17.2,0.0,3,4
2015,6,20,True,5041,5,False,True,17.2,0.0,1,2
2015,6,21,False,9661,6,False,True,21.8,19.6,2,3
2015,6,21,True,4357,6,False,True,21.8,19.6,1,1
2015,6,22,False,14857,0,False,False,21.9,6.2,3,4
2015,6,22,True,6104,0,False,False,21.9,6.2,1,2
2015,6,23,False,14231,1,False,False,22.2,2.4,3,4
2015,6,23,True,4509,1,False,False,22.2,2.4,1,1
2015,6,24,False,13225,2,True,False,18.9,3.0,2,4
2015,6,24,True,4809,2,True,False,18.9,3.0,1,1
2015,6,25,False,15624,3,False,False,16.9,0.0,3,4
2015,6,25,True,6688,3,False,False,16.9,0.0,2,2
2015,6,26,False,16494,4,False,False,18.0,0.0,3,5
2015,6,26,True,6969,4,False,False,18.0,0.0,2,2
2015,6,27,False,15772,5,False,True,18.6,0.0,3,4
2015,6,27,True,5385,5,False,True,18.6,0.0,1,2
2015,6,28,False,2322,6,False,True,16.2,12.6,1,1
2015,6,28,True,2424,6,False,True,16.2,12.6,1,1
2015,6,29,False,13955,0,False,False,15.7,0.0,3,4
2015,6,29,True,5221,0,False,False,15.7,0.0,1,2
2015,6,30,False,12587,1,False,False,19.5,4.9,2,4
2015,6,30,True,7249,1,False,False,19.5,4.9,2,2
2015,7,1,False,5365,2,True,False,19.2,9.8,1,2
2015,7,1,True,2913,2,True,False,19.2,9.8,1,1
2015,7,2,False,16304,3,False,False,18.2,0.0,3,5
2015,7,2,True,6337,3,False,False,18.2,0.0,1,2
2015,7,3,False,18101,4,False,False,18.7,0.0,3,5
2015,7,3,True,6855,4,False,False,18.7,0.0,2,2
2015,7,4,False,17261,5,False,True,19.5,0.0,3,5
2015,7,4,True,5319,5,False,True,19.5,0.0,1,2
2015,7,5,False,14378,6,False,True,21.6,0.0,3,4
2015,7,5,True,4971,6,False,True,21.6,0.0,1,1
2015,7,6,False,15095,0,False,False,22.3,0.0,3,4
2015,7,6,True,6714,0,False,False,22.3,0.0,2,2
2015,7,7,False,12443,1,False,False,25.3,1.6,2,4
2015,7,7,True,6274,1,False,False,25.3,1.6,1,2
2015,7,8,False,16235,2,False,False,19.3,0.8,3,5
2015,7,8,True,6996,2,False,False,19.3,0.8,2,2
2015,7,9,False,16396,3,False,False,19.3,0.0,3,5
2015,7,9,True,7097,3,False,False,19.3,0.0,2,2
2015,7,10,False,16235,4,False,False,22.4,0.0,3,5
2015,7,10,True,7426,4,False,False,22.4,0.0,2,3
2015,7,11,False,14538,5,False,True,23.2,0.0,3,4
2015,7,11,True,5190,5,False,True,23.2,0.0,1,2
2015,7,12,False,13196,6,False,True,25.0,0.0,2,4
2015,7,12,True,4624,6,False,True,25.0,0.0,1,1
2015,7,13,False,14469,0,False,False,25.1,0.0,3,4
2015,7,13,True,6553,0,False,False,25.1,0.0,1,2
2015,7,14,False,14475,1,False,False,21.9,0.0,3,4
2015,7,14,True,7034,1,False,False,21.9,0.0,2,2
2015,7,15,False,16811,2,False,False,18.1,0.0,3,5
2015,7,15,True,7001,2,False,False,18.1,0.0,2,2
2015,7,16,False,16462,3,False,False,16.9,0.0,3,5
2015,7,16,True,7065,3,False,False,16.9,0.0,2,2
2015,7,17,False,12936,4,False,False,19.0,5.8,2,4
2015,7,17,True,7032,4,False,False,19.0,5.8,2,2
2015,7,18,False,12850,5,False,True,21.8,2.0,2,4
2015,7,18,True,3064,5,False,True,21.8,2.0,1,1
2015,7,19,False,8898,6,False,True,24.4,35.8,2,3
2015,7,19,True,3994,6,False,True,24.4,35.8,1,1
2015,7,20,False,15787,0,False,False,23.5,0.0,3,4
2015,7,20,True,6007,0,False,False,23.5,0.0,1,2
2015,7,21,False,9490,1,False,False,20.0,30.2,2,3
2015,7,21,True,3814,1,False,False,20.0,30.2,1,1
2015,7,22,False,14795,2,False,False,18.4,0.0,3,4
2015,7,22,True,6482,2,False,False,18.4,0.0,1,2
2015,7,23,False,14706,3,False,False,20.5,1.2,3,4
2015,7,23,True,6611,3,False,False,20.5,1.2,1,2
2015,7,24,False,14726,4,False,False,20.2,1.4,3,4
2015,7,24,True,5064,4,False,False,20.2,1.4,1,2
2015,7,25,False,14064,5,False,True,20.2,4.0,3,4
2015,7,25,True,4819,5,False,True,20.2,4.0,1,1
2015,7,26,False,12395,6,False,True,23.2,0.0,2,4
2015,7,26,True,3505,6,False,True,23.2,0.0,1,1
2015,7,27,False,12096,0,False,False,24.5,1.4,2,3
2015,7,27,True,6342,0,False,False,24.5,1.4,1,2
2015,7,28,False,14708,1,False,False,24.4,0.0,3,4
2015,7,28,True,6375,1,False,False,24.4,0.0,1,2
2015,7,29,False,15145,2,False,False,26.8,0.0,3,4
2015,7,29,True,6661,2,False,False,26.8,0.0,2,2
2015,7,30,False,14070,3,False,False,25.1,4.6,3,4
2015,7,30,True,5958,3,False,False,25.1,4.6,1,2
2015,7,31,False,15275,4,False,False,22.7,0.0,3,4
2015,7,31,True,7063,4,False,False,22.7,0.0,2,2
2015,8,1,False,13876,5,False,True,20.9,7.4,3,4
2015,8,1,True,5190,5,False,True,20.9,7.4,1,2
2015,8,2,False,14222,6,False,True,21.0,0.0,3,4
2015,8,2,True,4809,6,False,True,21.0,0.0,1,1
2015,8,3,False,13451,0,False,False,22.4,1.0,2,4
2015,8,3,True,6181,0,False,False,22.4,1.0,1,2
2015,8,4,False,14840,1,False,False,21.6,3.2,3,4
2015,8,4,True,6586,1,False,False,21.6,3.2,1,2
2015,8,5,False,14502,2,False,False,20.0,0.0,3,4
2015,8,5,True,6377,2,False,False,20.0,0.0,1,2
2015,8,6,False,14729,3,False,False,18.4,0.0,3,4
2015,8,6,True,6517,3,False,False,18.4,0.0,1,2
2015,8,7,False,14133,4,False,False,17.1,0.0,3,4
2015,8,7,True,6384,4,False,False,17.1,0.0,1,2
2015,8,8,False,14100,5,False,True,18.2,0.0,3,4
2015,8,8,True,4889,5,False,True,18.2,0.0,1,1
2015,8,9,False,12581,6,False,True,20.6,0.0,2,4
2015,8,9,True,4265,6,False,True,20.6,0.0,1,1
2015,8,10,False,13604,0,False,False,21.4,26.4,2,4
2015,8,10,True,6250,0,False,False,21.4,26.4,1,2
2015,8,11,False,9368,1,False,False,19.4,47.2,2,3
2015,8,11,True,850,1,False,False,19.4,47.2,1,1
2015,8,12,False,12886,2,False,False,20.0,1.8,2,4
2015,8,12,True,5383,2,False,False,20.0,1.8,1,2
2015,8,13,False,14923,3,False,False,19.7,3.0,3,4
2015,8,13,True,6131,3,False,False,19.7,3.0,1,2
2015,8,14,False,10984,4,False,False,20.2,4.2,2,3
2015,8,14,True,4322,4,False,False,20.2,4.2,1,1
2015,8,15,False,13839,5,False,True,23.5,0.4,3,4
2015,8,15,True,4668,5,False,True,23.5,0.4,1,1
2015,8,16,False,12520,6,False,True,24.5,0.0,2,4
2015,8,16,True,4565,6,False,True,24.5,0.0,1,1
2015,8,17,False,14134,0,False,False,25.4,0.0,3,4
2015,8,17,True,6241,0,False,False,25.4,0.0,1,2
2015,8,18,False,13865,1,False,False,26.3,5.0,3,4
2015,8,18,True,6555,1,False,False,26.3,5.0,1,2
2015,8,19,False,14651,2,False,False,25.9,0.0,3,4
2015,8,19,True,6433,2,False,False,25.9,0.0,1,2
2015,8,20,False,14598,3,False,False,24.9,8.6,3,4
2015,8,20,True,6496,3,False,False,24.9,8.6,1,2
2015,8,21,False,14796,4,False,False,21.8,5.8,3,4
2015,8,21,True,5904,4,False,False,21.8,5.8,1,2
2015,8,22,False,13576,5,False,True,20.2,0.0,2,4
2015,8,22,True,4735,5,False,True,20.2,0.0,1,1
2015,8,23,False,12906,6,False,True,21.9,0.0,2,4
2015,8,23,True,4389,6,False,True,21.9,0.0,1,1
2015,8,24,False,12993,0,False,False,23.6,0.0,2,4
2015,8,24,True,6533,0,False,False,23.6,0.0,1,2
2015,8,25,False,14399,1,False,False,20.4,1.2,3,4
2015,8,25,True,6644,1,False,False,20.4,1.2,1,2
2015,8,26,False,14909,2,False,False,19.3,0.2,3,4
2015,8,26,True,6832,2,False,False,19.3,0.2,2,2
2015,8,27,False,14588,3,False,False,18.8,0.0,3,4
2015,8,27,True,6656,3,False,False,18.8,0.0,2,2
2015,8,28,False,15319,4,False,False,18.4,0.0,3,4
2015,8,28,True,7088,4,False,False,18.4,0.0,2,2
2015,8,29,False,12460,5,False,True,19.2,0.0,2,4
2015,8,29,True,4570,5,False,True,19.2,0.0,1,1
2015,8,30,False,12588,6,False,True,21.8,0.0,2,4
2015,8,30,True,4347,6,False,True,21.8,0.0,1,1
2015,8,31,False,13823,0,False,False,21.0,0.0,3,4
2015,8,31,True,6552,0,False,False,21.0,0.0,1,2
2015,9,1,False,14925,1,False,False,20.7,0.0,3,4
2015,9,1,True,6990,1,False,False,20.7,0.0,2,2
2015,9,2,False,14524,2,False,False,22.6,0.0,3,4
2015,9,2,True,6753,2,False,False,22.6,0.0,2,2
2015,9,3,False,15154,3,False,False,22.2,0.0,3,4
2015,9,3,True,6865,3,False,False,22.2,0.0,2,2
2015,9,4,False,14841,4,False,False,19.4,0.0,3,4
2015,9,4,True,6942,4,False,False,19.4,0.0,2,2
2015,9,5,False,13638,5,False,True,20.6,0.0,3,4
2015,9,5,True,4765,5,False,True,20.6,0.0,1,1
2015,9,6,False,13473,6,False,True,24.6,0.0,2,4
2015,9,6,True,4326,6,False,True,24.6,0.0,1,1
2015,9,7,False,9560,0,True,False,27.1,16.0,2,3
2015,9,7,True,3844,0,True,False,27.1,16.0,1,1
2015,9,8,False,13754,1,False,False,24.5,0.0,3,4
2015,9,8,True,6482,1,False,False,24.5,0.0,1,2
2015,9,9,False,12992,2,False,False,22.4,0.2,2,4
2015,9,9,True,6928,2,False,False,22.4,0.2,2,2
2015,9,10,False,14673,3,False,False,19.9,0.0,3,4
2015,9,10,True,6953,3,False,False,19.9,0.0,2,2
2015,9,11,False,15349,4,False,False,19.3,0.0,3,4
2015,9,11,True,6944,4,False,False,19.3,0.0,2,2
2015,9,12,False,4550,5,False,True,16.9,13.6,1,1
2015,9,12,True,3700,5,False,True,16.9,13.6,1,1
2015,9,13,False,3997,6,False,True,17.7,31.6,1,1
2015,9,13,True,1343,6,False,True,17.7,31.6,1,1
2015,9,14,False,10944,0,False,False,17.7,6.4,2,3
2015,9,14,True,1932,0,False,False,17.7,6.4,1,1
2015,9,15,False,14026,1,False,False,20.0,0.0,3,4
2015,9,15,True,6593,1,False,False,20.0,0.0,1,2
2015,9,16,False,14473,2,False,False,21.6,0.0,3,4
2015,9,16,True,6997,2,False,False,21.6,0.0,2,2
2015,9,17,False,14533,3,False,False,22.3,0.0,3,4
2015,9,17,True,6992,3,False,False,22.3,0.0,2,2
2015,9,18,False,15003,4,False,False,22.2,0.0,3,4
2015,9,18,True,7123,4,False,False,22.2,0.0,2,2
2015,9,19,False,9360,5,False,True,21.2,11.6,2,3
2015,9,19,True,5448,5,False,True,21.2,11.6,1,2
2015,9,20,False,11049,6,False,True,13.8,0.0,2,3
2015,9,20,True,4123,6,False,True,13.8,0.0,1,1
2015,9,21,False,12879,0,False,False,14.2,0.0,2,4
2015,9,21,True,6028,0,False,False,14.2,0.0,1,2
2015,9,22,False,14731,1,False,False,16.7,0.0,3,4
2015,9,22,True,6723,1,False,False,16.7,0.0,2,2
2015,9,23,False,14076,2,False,False,18.0,0.0,3,4
2015,9,23,True,6702,2,False,False,18.0,0.0,2,2
2015,9,24,False,13441,3,False,False,14.7,0.0,2,4
2015,9,24,True,6613,3,False,False,14.7,0.0,1,2
2015,9,25,False,11659,4,False,False,11.1,0.0,2,3
2015,9,25,True,6021,4,False,False,11.1,0.0,1,2
2015,9,26,False,10500,5,False,True,11.5,0.0,2,3
2015,9,26,True,3691,5,False,True,11.5,0.0,1,1
2015,9,27,False,10131,6,False,True,14.5,0.0,2,3
2015,9,27,True,3506,6,False,True,14.5,0.0,1,1
2015,9,28,False,7515,0,False,False,17.9,3.0,2,3
2015,9,28,True,5259,0,False,False,17.9,3.0,1,2
2015,9,29,False,5522,1,False,False,19.1,30.0,1,2
2015,9,29,True,5364,1,False,False,19.1,30.0,1,2
2015,9,30,False,7404,2,False,False,9.8,5.2,2,3
2015,9,30,True,2696,2,False,False,9.8,5.2,1,1
2015,10,1,False,10425,3,False,False,9.3,0.0,2,3
2015,10,1,True,4946,3,False,False,9.3,0.0,1,1
2015,10,2,False,9342,4,False,False,8.5,0.0,2,3
2015,10,2,True,4992,4,False,False,8.5,0.0,1,1
2015,10,3,False,7271,5,False,True,8.1,0.0,2,2
2015,10,3,True,2801,5,False,True,8.1,0.0,1,1
2015,10,4,False,7011,6,False,True,9.1,0.0,2,2
2015,10,4,True,2393,6,False,True,9.1,0.0,1,1
2015,10,5,False,9653,0,False,False,10.1,0.0,2,3
2015,10,5,True,4810,0,False,False,10.1,0.0,1,1
2015,10,6,False,10085,1,False,False,13.2,0.0,2,3
2015,10,6,True,5205,1,False,False,13.2,0.0,1,2
2015,10,7,False,10381,2,False,False,13.0,0.0,2,3
2015,10,7,True,5465,2,False,False,13.0,0.0,1,2
2015,10,8,False,10257,3,False,False,8.0,3.6,2,3
2015,10,8,True,5233,3,False,False,8.0,3.6,1,2
2015,10,9,False,5277,4,False,False,6.7,7.2,1,2
2015,10,9,True,1795,4,False,False,6.7,7.2,1,1
2015,10,10,False,6377,5,False,True,6.3,0.0,1,2
2015,10,10,True,2489,5,False,True,6.3,0.0,1,1
2015,10,11,False,6341,6,False,True,12.8,0.0,1,2
2015,10,11,True,2203,6,False,True,12.8,0.0,1,1
2015,10,12,False,8324,0,True,False,17.8,0.0,2,3
2015,10,12,True,2375,0,True,False,17.8,0.0,1,1
2015,10,13,False,5676,1,False,False,15.0,3.2,1,2
2015,10,13,True,5001,1,False,False,15.0,3.2,1,1
2015,10,14,False,8358,2,False,False,8.7,0.0,2,3
2015,10,14,True,4931,2,False,False,8.7,0.0,1,1
2015,10,15,False,7127,3,False,False,8.1,14.2,2,2
2015,10,15,True,4868,3,False,False,8.1,14.2,1,1
2015,10,16,False,8160,4,False,False,8.2,8.2,2,3
2015,10,16,True,4477,4,False,False,8.2,8.2,1,1
2015,10,17,False,4488,5,False,True,2.1,6.0,1,1
2015,10,17,True,1217,5,False,True,2.1,6.0,1,1
2015,10,18,False,3979,6,False,True,0.2,0.0,1,1
2015,10,18,True,1811,6,False,True,0.2,0.0,1,1
2015,10,19,False,6303,0,False,False,2.3,0.6,1,2
2015,10,19,True,3456,0,False,False,2.3,0.6,1,1
2015,10,20,False,8551,1,False,False,12.2,0.0,2,3
2015,10,20,True,4387,1,False,False,12.2,0.0,1,1
2015,10,21,False,7843,2,False,False,5.3,0.0,2,3
2015,10,21,True,4216,2,False,False,5.3,0.0,1,1
2015,10,22,False,8485,3,False,False,10.2,3.2,2,3
2015,10,22,True,3122,3,False,False,10.2,3.2,1,1
2015,10,23,False,7521,4,False,False,3.9,0.0,2,3
2015,10,23,True,4029,4,False,False,3.9,0.0,1,1
2015,10,24,False,5517,5,False,True,5.3,9.0,1,2
2015,10,24,True,2244,5,False,True,5.3,9.0,1,1
2015,10,25,False,4316,6,False,True,8.9,9.0,1,1
2015,10,25,True,1128,6,False,True,8.9,9.0,1,1
2015,10,26,False,6940,0,False,False,3.2,0.0,2,2
2015,10,26,True,3711,0,False,False,3.2,0.0,1,1
2015,10,27,False,7752,1,False,False,3.7,0.0,2,3
2015,10,27,True,3839,1,False,False,3.7,0.0,1,1
2015,10,28,False,2179,2,False,False,5.3,31.2,1,1
2015,10,28,True,3868,2,False,False,5.3,31.2,1,1
2015,10,29,False,6472,3,False,False,10.9,8.6,1,2
2015,10,29,True,3048,3,False,False,10.9,8.6,1,1
2015,10,30,False,6890,4,False,False,3.6,0.8,2,2
2015,10,30,True,3688,4,False,False,3.6,0.8,1,1
2015,10,31,False,5504,5,False,True,2.5,0.0,1,2
2015,10,31,True,2044,5,False,True,2.5,0.0,1,1
2016,4,15,False,14172,4,False,False,6.3,0.0,3,4
2016,4,15,True,4802,4,False,False,6.3,0.0,1,1
2016,4,16,False,17194,5,False,True,8.1,0.0,3,5
2016,4,16,True,4818,5,False,True,8.1,0.0,1,1
2016,4,17,False,21754,6,False,True,12.3,0.0,3,5
2016,4,17,True,5498,6,False,True,12.3,0.0,1,2
2016,4,18,False,4724,0,False,False,8.3,12.2,1,1
2016,4,18,True,7028,0,False,False,8.3,12.2,2,2
2016,4,19,False,17542,1,False,False,8.3,0.0,3,5
2016,4,19,True,7480,1,False,False,8.3,0.0,2,3
2016,4,20,False,18420,2,False,False,6.4,0.0,3,5
2016,4,20,True,8282,2,False,False,6.4,0.0,2,3
2016,4,21,False,22444,3,False,False,11.9,0.2,3,5
2016,4,21,True,9244,3,False,False,11.9,0.2,2,3
2016,4,22,False,15102,4,False,False,11.3,8.2,3,4
2016,4,22,True,3984,4,False,False,11.3,8.2,1,1
2016,4,23,False,20208,5,False,True,7.3,0.0,3,5
2016,4,23,True,6292,5,False,True,7.3,0.0,1,2
2016,4,24,False,16028,6,False,True,5.4,0.0,3,5
2016,4,24,True,5018,6,False,True,5.4,0.0,1,1
2016,4,25,False,16810,0,False,False,4.9,0.0,3,5
2016,4,25,True,7754,0,False,False,4.9,0.0,2,3
2016,4,26,False,17386,1,False,False,4.4,0.0,3,5
2016,4,26,True,7672,1,False,False,4.4,0.0,2,3
2016,4,27,False,15900,2,False,False,2.9,0.0,3,4
2016,4,27,True,8200,2,False,False,2.9,0.0,2,3
2016,4,28,False,17890,3,False,False,2.9,0.0,3,5
2016,4,28,True,8028,3,False,False,2.9,0.0,2,3
2016,4,29,False,20542,4,False,False,5.0,0.0,3,5
2016,4,29,True,8488,4,False,False,5.0,0.0,2,3
2016,4,30,False,23356,5,False,True,8.2,0.0,3,5
2016,4,30,True,6968,5,False,True,8.2,0.0,2,2
2016,5,1,False,5740,6,False,True,7.5,9.6,1,2
2016,5,1,True,5332,6,False,True,7.5,9.6,1,2
2016,5,2,False,12402,0,False,False,6.6,1.4,2,4
2016,5,2,True,7736,0,False,False,6.6,1.4,2,3
2016,5,3,False,23420,1,False,False,7.6,0.0,3,5
2016,5,3,True,10498,1,False,False,7.6,0.0,2,3
2016,5,4,False,20908,2,False,False,8.9,0.0,3,5
2016,5,4,True,9922,2,False,False,8.9,0.0,2,3
2016,5,5,False,26012,3,False,False,11.3,0.0,3,5
2016,5,5,True,12056,3,False,False,11.3,0.0,2,3
2016,5,6,False,30256,4,False,False,13.7,0.0,3,5
2016,5,6,True,12460,4,False,False,13.7,0.0,2,4
2016,5,7,False,28144,5,False,True,17.8,1.4,3,5
2016,5,7,True,9622,5,False,True,17.8,1.4,2,3
2016,5,8,False,9566,6,False,True,7.7,7.8,2,3
2016,5,8,True,3250,6,False,True,7.7,7.8,1,1
2016,5,9,False,18918,0,False,False,6.3,0.0,3,5
2016,5,9,True,8882,0,False,False,6.3,0.0,2,3
2016,5,10,False,27262,1,False,False,12.7,0.0,3,5
2016,5,10,True,11772,1,False,False,12.7,0.0,2,3
2016,5,11,False,28854,2,False,False,12.7,0.0,3,5
2016,5,11,True,12686,2,False,False,12.7,0.0,2,4
2016,5,12,False,32222,3,False,False,17.2,0.0,3,5
2016,5,12,True,13622,3,False,False,17.2,0.0,3,4
2016,5,13,False,19168,4,False,False,17.1,4.4,3,5
2016,5,13,True,12996,4,False,False,17.1,4.4,2,4
2016,5,14,False,19972,5,False,True,14.9,5.4,3,5
2016,5,14,True,10066,5,False,True,14.9,5.4,2,3
2016,5,15,False,11220,6,False,True,6.1,0.6,2,3
2016,5,15,True,5166,6,False,True,6.1,0.6,1,2
2016,5,16,False,15794,0,False,False,6.2,0.0,3,4
2016,5,16,True,7268,0,False,False,6.2,0.0,2,2
2016,5,17,False,21626,1,False,False,9.1,0.2,3,5
2016,5,17,True,10702,1,False,False,9.1,0.2,2,3
2016,5,18,False,28180,2,False,False,11.5,0.0,3,5
2016,5,18,True,12266,2,False,False,11.5,0.0,2,4
2016,5,19,False,27744,3,False,False,14.0,0.2,3,5
2016,5,19,True,12780,3,False,False,14.0,0.2,2,4
2016,5,20,False,33476,4,False,False,16.0,0.0,3,5
2016,5,20,True,14164,4,False,False,16.0,0.0,3,4
2016,5,21,False,31572,5,False,True,18.0,0.0,3,5
2016,5,21,True,10066,5,False,True,18.0,0.0,2,3
2016,5,22,False,33084,6,False,True,18.6,0.0,3,5
2016,5,22,True,9240,6,False,True,18.6,0.0,2,3
2016,5,23,False,29664,0,True,False,18.9,0.0,3,5
2016,5,23,True,8554,0,True,False,18.9,0.0,2,3
2016,5,24,False,33050,1,False,False,20.3,0.0,3,5
2016,5,24,True,13862,1,False,False,20.3,0.0,3,4
2016,5,25,False,28208,2,False,False,19.6,0.0,3,5
2016,5,25,True,14588,2,False,False,19.6,0.0,3,4
2016,5,26,False,33098,3,False,False,18.1,0.0,3,5
2016,5,26,True,15312,3,False,False,18.1,0.0,3,4
2016,5,27,False,26246,4,False,False,22.8,1.2,3,5
2016,5,27,True,15310,4,False,False,22.8,1.2,3,4
2016,5,28,False,37962,5,False,True,22.3,0.0,3,5
2016,5,28,True,12240,5,False,True,22.3,0.0,2,4
2016,5,29,False,45766,6,False,True,21.9,1.4,3,5
2016,5,29,True,12002,6,False,True,21.9,1.4,2,3
2016,5,30,False,32544,0,False,False,24.3,0.0,3,5
2016,5,30,True,12892,0,False,False,24.3,0.0,2,4
2016,5,31,False,32650,1,False,False,20.4,0.0,3,5
2016,5,31,True,15438,1,False,False,20.4,0.0,3,4
2016,6,1,False,35820,2,False,False,19.1,0.0,3,5
2016,6,1,True,15730,2,False,False,19.1,0.0,3,4
2016,6,2,False,21040,3,False,False,20.2,6.4,3,5
2016,6,2,True,12606,3,False,False,20.2,6.4,2,4
2016,6,3,False,41728,4,False,False,21.6,0.0,3,5
2016,6,3,True,16798,4,False,False,21.6,0.0,3,5
2016,6,4,False,38742,5,False,True,20.4,0.0,3,5
2016,6,4,True,13520,5,False,True,20.4,0.0,2,4
2016,6,5,False,4060,6,False,True,17.2,32.0,1,1
2016,6,5,True,9148,6,False,True,17.2,32.0,2,3
2016,6,6,False,30108,0,False,False,20.1,1.0,3,5
2016,6,6,True,10808,0,False,False,20.1,1.0,2,3
2016,6,7,False,31602,1,False,False,17.6,1.2,3,5
2016,6,7,True,12702,1,False,False,17.6,1.2,2,4
2016,6,8,False,23962,2,False,False,11.3,1.0,3,5
2016,6,8,True,14504,2,False,False,11.3,1.0,3,4
2016,6,9,False,23646,3,False,False,11.0,0.2,3,5
2016,6,9,True,8648,3,False,False,11.0,0.2,2,3
2016,6,10,False,35280,4,False,False,14.5,0.0,3,5
2016,6,10,True,14314,4,False,False,14.5,0.0,3,4
2016,6,11,False,27462,5,False,True,13.7,0.0,3,5
2016,6,11,True,10302,5,False,True,13.7,0.0,2,3
2016,6,12,False,16110,6,False,True,13.2,0.0,3,5
2016,6,12,True,8414,6,False,True,13.2,0.0,2,3
2016,6,13,False,28296,0,False,False,15.3,4.6,3,5
2016,6,13,True,13546,0,False,False,15.3,4.6,2,4
2016,6,14,False,35192,1,False,False,17.6,0.0,3,5
2016,6,14,True,15320,1,False,False,17.6,0.0,3,4
2016,6,15,False,35478,2,False,False,20.1,0.0,3,5
2016,6,15,True,16316,2,False,False,20.1,0.0,3,5
2016,6,16,False,38206,3,False,False,19.4,0.0,3,5
2016,6,16,True,16394,3,False,False,19.4,0.0,3,5
2016,6,17,False,37276,4,False,False,20.2,0.0,3,5
2016,6,17,True,17084,4,False,False,20.2,0.0,3,5
2016,6,18,False,36072,5,False,True,21.9,0.0,3,5
2016,6,18,True,12434,5,False,True,21.9,0.0,2,4
2016,6,19,False,29238,6,False,True,25.2,0.0,3,5
2016,6,19,True,11156,6,False,True,25.2,0.0,2,3
2016,6,20,False,31180,0,False,False,26.7,0.0,3,5
2016,6,20,True,14672,0,False,False,26.7,0.0,3,4
2016,6,21,False,34632,1,False,False,20.8,0.0,3,5
2016,6,21,True,15688,1,False,False,20.8,0.0,3,4
2016,6,22,False,27478,2,False,False,17.7,7.6,3,5
2016,6,22,True,10186,2,False,False,17.7,7.6,2,3
2016,6,23,False,35622,3,False,False,19.1,0.2,3,5
2016,6,23,True,15972,3,False,False,19.1,0.2,3,4
2016,6,24,False,29998,4,True,False,18.6,0.0,3,5
2016,6,24,True,10192,4,True,False,18.6,0.0,2,3
2016,6,25,False,30564,5,False,True,23.0,0.0,3,5
2016,6,25,True,9658,5,False,True,23.0,0.0,2,3
2016,6,26,False,34922,6,False,True,24.9,0.0,3,5
2016,6,26,True,11828,6,False,True,24.9,0.0,2,3
2016,6,27,False,26832,0,False,False,24.3,2.8,3,5
2016,6,27,True,7294,0,False,False,24.3,2.8,2,2
2016,6,28,False,21472,1,False,False,22.9,8.8,3,5
2016,6,28,True,12344,1,False,False,22.9,8.8,2,4
2016,6,29,False,27878,2,False,False,19.0,1.4,3,5
2016,6,29,True,11572,2,False,False,19.0,1.4,2,3
2016,6,30,False,36572,3,False,False,21.5,0.0,3,5
2016,6,30,True,15278,3,False,False,21.5,0.0,3,4
2016,7,1,False,23308,4,True,False,21.3,4.6,3,5
2016,7,1,True,10858,4,True,False,21.3,4.6,2,3
2016,7,2,False,29628,5,False,True,16.9,0.0,3,5
2016,7,2,True,8164,5,False,True,16.9,0.0,2,3
2016,7,3,False,33408,6,False,True,20.0,2.0,3,5
2016,7,3,True,11094,6,False,True,20.0,2.0,2,3
2016,7,4,False,36966,0,False,False,22.6,0.0,3,5
2016,7,4,True,15052,0,False,False,22.6,0.0,3,4
2016,7,5,False,37976,1,False,False,23.4,0.0,3,5
2016,7,5,True,16598,1,False,False,23.4,0.0,3,5
2016,7,6,False,36236,2,False,False,25.1,0.0,3,5
2016,7,6,True,17140,2,False,False,25.1,0.0,3,5
2016,7,7,False,36512,3,False,False,21.1,0.2,3,5
2016,7,7,True,15324,3,False,False,21.1,0.2,3,4
2016,7,8,False,34272,4,False,False,19.6,0.0,3,5
2016,7,8,True,15974,4,False,False,19.6,0.0,3,4
2016,7,9,False,11752,5,False,True,17.9,16.0,2,3
2016,7,9,True,8042,5,False,True,17.9,16.0,2,3
2016,7,10,False,19930,6,False,True,15.7,0.6,3,5
2016,7,10,True,6934,6,False,True,15.7,0.6,2,2
2016,7,11,False,35342,0,False,False,19.9,0.0,3,5
2016,7,11,True,15046,0,False,False,19.9,0.0,3,4
2016,7,12,False,36444,1,False,False,23.3,0.0,3,5
2016,7,12,True,15964,1,False,False,23.3,0.0,3,4
2016,7,13,False,33676,2,False,False,26.9,0.0,3,5
2016,7,13,True,16212,2,False,False,26.9,0.0,3,5
2016,7,14,False,31170,3,False,False,24.7,7.2,3,5
2016,7,14,True,14904,3,False,False,24.7,7.2,3,4
2016,7,15,False,31138,4,False,False,24.0,1.0,3,5
2016,7,15,True,15640,4,False,False,24.0,1.0,3,4
2016,7,16,False,34828,5,False,True,20.2,0.0,3,5
2016,7,16,True,9754,5,False,True,20.2,0.0,2,3
2016,7,17,False,30826,6,False,True,23.0,0.0,3,5
2016,7,17,True,10532,6,False,True,23.0,0.0,2,3
2016,7,18,False,29404,0,False,False,23.8,16.0,3,5
2016,7,18,True,14164,0,False,False,23.8,16.0,3,4
2016,7,19,False,34546,1,False,False,19.3,0.2,3,5
2016,7,19,True,16004,1,False,False,19.3,0.2,3,4
2016,7,20,False,37304,2,False,False,20.6,0.0,3,5
2016,7,20,True,15350,2,False,False,20.6,0.0,3,4
2016,7,21,False,35724,3,False,False,24.1,2.6,3,5
2016,7,21,True,15902,3,False,False,24.1,2.6,3,4
2016,7,22,False,33004,4,False,False,26.9,0.8,3,5
2016,7,22,True,14928,4,False,False,26.9,0.8,3,4
2016,7,23,False,20544,5,False,True,22.5,17.2,3,5
2016,7,23,True,11406,5,False,True,22.5,17.2,2,3
2016,7,24,False,31524,6,False,True,19.3,0.0,3,5
2016,7,24,True,10192,6,False,True,19.3,0.0,2,3
2016,7,25,False,20748,0,False,False,22.5,5.8,3,5
2016,7,25,True,12234,0,False,False,22.5,5.8,2,4
2016,7,26,False,36012,1,False,False,23.5,0.0,3,5
2016,7,26,True,15266,1,False,False,23.5,0.0,3,4
2016,7,27,False,38008,2,False,False,24.1,0.0,3,5
2016,7,27,True,16168,2,False,False,24.1,0.0,3,5
2016,7,28,False,38024,3,False,False,23.7,0.0,3,5
2016,7,28,True,15738,3,False,False,23.7,0.0,3,4
2016,7,29,False,36022,4,False,False,21.5,0.0,3,5
2016,7,29,True,16362,4,False,False,21.5,0.0,3,5
2016,7,30,False,39000,5,False,True,21.8,0.0,3,5
2016,7,30,True,12634,5,False,True,21.8,0.0,2,4
2016,7,31,False,44384,6,False,True,22.4,0.0,3,5
2016,7,31,True,15430,6,False,True,22.4,0.0,3,4
2016,8,1,False,34538,0,False,False,23.3,0.0,3,5
2016,8,1,True,14806,0,False,False,23.3,0.0,3,4
2016,8,2,False,36634,1,False,False,23.5,0.0,3,5
2016,8,2,True,15630,1,False,False,23.5,0.0,3,4
2016,8,3,False,35822,2,False,False,23.5,0.0,3,5
2016,8,3,True,15532,2,False,False,23.5,0.0,3,4
2016,8,4,False,35474,3,False,False,27.0,0.0,3,5
2016,8,4,True,13926,3,False,False,27.0,0.0,3,4
2016,8,5,False,32950,4,False,False,27.4,0.0,3,5
2016,8,5,True,15134,4,False,False,27.4,0.0,3,4
2016,8,6,False,31802,5,False,True,24.1,0.0,3,5
2016,8,6,True,11294,5,False,True,24.1,0.0,2,3
2016,8,7,False,28130,6,False,True,22.0,0.0,3,5
2016,8,7,True,10830,6,False,True,22.0,0.0,2,3
2016,8,8,False,33666,0,False,False,22.6,0.0,3,5
2016,8,8,True,14772,0,False,False,22.6,0.0,3,4
2016,8,9,False,36570,1,False,False,21.0,0.0,3,5
2016,8,9,True,15992,1,False,False,21.0,0.0,3,4
2016,8,10,False,34756,2,False,False,26.3,0.0,3,5
2016,8,10,True,16124,2,False,False,26.3,0.0,3,5
2016,8,11,False,35192,3,False,False,27.0,0.0,3,5
2016,8,11,True,16036,3,False,False,27.0,0.0,3,5
2016,8,12,False,23738,4,False,False,22.6,3.2,3,5
2016,8,12,True,11538,4,False,False,22.6,3.2,2,3
2016,8,13,False,9826,5,False,True,18.5,33.0,2,3
2016,8,13,True,7384,5,False,True,18.5,33.0,2,3
2016,8,14,False,24470,6,False,True,21.6,15.8,3,5
2016,8,14,True,5260,6,False,True,21.6,15.8,1,2
2016,8,15,False,33902,0,False,False,22.0,0.0,3,5
2016,8,15,True,15172,0,False,False,22.0,0.0,3,4
2016,8,16,False,9240,1,False,False,21.0,67.0,2,3
2016,8,16,True,15542,1,False,False,21.0,67.0,3,4
2016,8,17,False,35220,2,False,False,22.0,0.2,3,5
2016,8,17,True,14078,2,False,False,22.0,0.2,3,4
2016,8,18,False,35332,3,False,False,22.5,0.0,3,5
2016,8,18,True,16030,3,False,False,22.5,0.0,3,5
2016,8,19,False,35656,4,False,False,21.1,0.0,3,5
2016,8,19,True,16114,4,False,False,21.1,0.0,3,5
2016,8,20,False,31994,5,False,True,24.1,0.0,3,5
2016,8,20,True,11932,5,False,True,24.1,0.0,2,3
2016,8,21,False,7970,6,False,True,23.0,14.8,2,3
2016,8,21,True,10380,6,False,True,23.0,14.8,2,3
2016,8,22,False,30446,0,False,False,17.6,0.8,3,5
2016,8,22,True,13778,0,False,False,17.6,0.8,3,4
2016,8,23,False,34410,1,False,False,19.9,0.0,3,5
2016,8,23,True,15506,1,False,False,19.9,0.0,3,4
2016,8,24,False,35234,2,False,False,23.6,0.0,3,5
2016,8,24,True,15820,2,False,False,23.6,0.0,3,4
2016,8,25,False,26082,3,False,False,24.2,1.8,3,5
2016,8,25,True,14778,3,False,False,24.2,1.8,3,4
2016,8,26,False,36110,4,False,False,24.3,0.0,3,5
2016,8,26,True,15748,4,False,False,24.3,0.0,3,4
2016,8,27,False,33034,5,False,True,21.5,0.0,3,5
2016,8,27,True,12066,5,False,True,21.5,0.0,2,3
2016,8,28,False,31836,6,False,True,23.7,0.0,3,5
2016,8,28,True,11328,6,False,True,23.7,0.0,2,3
2016,8,29,False,33062,0,False,False,21.2,0.0,3,5
2016,8,29,True,14912,0,False,False,21.2,0.0,3,4
2016,8,30,False,32830,1,False,False,20.7,0.0,3,5
2016,8,30,True,15818,1,False,False,20.7,0.0,3,4
2016,8,31,False,31534,2,False,False,21.6,8.4,3,5
2016,8,31,True,15628,2,False,False,21.6,8.4,3,4
2016,9,1,False,33940,3,False,False,18.3,0.4,3,5
2016,9,1,True,16358,3,False,False,18.3,0.4,3,5
2016,9,2,False,33574,4,False,False,17.4,0.0,3,5
2016,9,2,True,15952,4,False,False,17.4,0.0,3,4
2016,9,3,False,30836,5,False,True,16.7,0.0,3,5
2016,9,3,True,9804,5,False,True,16.7,0.0,2,3
2016,9,4,False,31982,6,False,True,18.7,0.0,3,5
2016,9,4,True,9640,6,False,True,18.7,0.0,2,3
2016,9,5,False,28642,0,True,False,19.7,0.0,3,5
2016,9,5,True,8426,0,True,False,19.7,0.0,2,3
2016,9,6,False,32910,1,False,False,21.0,0.0,3,5
2016,9,6,True,15684,1,False,False,21.0,0.0,3,4
2016,9,7,False,33612,2,False,False,22.8,1.0,3,5
2016,9,7,True,16662,2,False,False,22.8,1.0,3,5
2016,9,8,False,19508,3,False,False,23.5,12.2,3,5
2016,9,8,True,13724,3,False,False,23.5,12.2,3,4
2016,9,9,False,35304,4,False,False,23.2,0.0,3,5
2016,9,9,True,16248,4,False,False,23.2,0.0,3,5
2016,9,10,False,26252,5,False,True,22.1,5.4,3,5
2016,9,10,True,11794,5,False,True,22.1,5.4,2,3
2016,9,11,False,23020,6,False,True,16.7,1.0,3,5
2016,9,11,True,7876,6,False,True,16.7,1.0,2,3
2016,9,12,False,31316,0,False,False,16.6,0.0,3,5
2016,9,12,True,14680,0,False,False,16.6,0.0,3,4
2016,9,13,False,33120,1,False,False,20.1,0.0,3,5
2016,9,13,True,15656,1,False,False,20.1,0.0,3,4
2016,9,14,False,29342,2,False,False,15.7,0.6,3,5
2016,9,14,True,14428,2,False,False,15.7,0.6,3,4
2016,9,15,False,31324,3,False,False,12.2,0.0,3,5
2016,9,15,True,15116,3,False,False,12.2,0.0,3,4
2016,9,16,False,32672,4,False,False,14.2,0.0,3,5
2016,9,16,True,15362,4,False,False,14.2,0.0,3,4
2016,9,17,False,19460,5,False,True,18.7,2.0,3,5
2016,9,17,True,10318,5,False,True,18.7,2.0,2,3
2016,9,18,False,24314,6,False,True,22.6,0.8,3,5
2016,9,18,True,7420,6,False,True,22.6,0.8,2,3
2016,9,19,False,30918,0,False,False,20.7,0.0,3,5
2016,9,19,True,14540,0,False,False,20.7,0.0,3,4
2016,9,20,False,32068,1,False,False,20.2,0.0,3,5
2016,9,20,True,15468,1,False,False,20.2,0.0,3,4
2016,9,21,False,32692,2,False,False,19.4,0.0,3,5
2016,9,21,True,15876,2,False,False,19.4,0.0,3,4
2016,9,22,False,27862,3,False,False,17.0,1.6,3,5
2016,9,22,True,15178,3,False,False,17.0,1.6,3,4
2016,9,23,False,29354,4,False,False,13.3,2.6,3,5
2016,9,23,True,8714,4,False,False,13.3,2.6,2,3
2016,9,24,False,24222,5,False,True,11.7,0.0,3,5
2016,9,24,True,9648,5,False,True,11.7,0.0,2,3
2016,9,25,False,26258,6,False,True,11.6,0.0,3,5
2016,9,25,True,9684,6,False,True,11.6,0.0,2,3
2016,9,26,False,26474,0,False,False,11.3,1.2,3,5
2016,9,26,True,12650,0,False,False,11.3,1.2,2,4
2016,9,27,False,28568,1,False,False,16.4,2.4,3,5
2016,9,27,True,13470,1,False,False,16.4,2.4,2,4
2016,9,28,False,28026,2,False,False,15.6,0.0,3,5
2016,9,28,True,13758,2,False,False,15.6,0.0,3,4
2016,9,29,False,27972,3,False,False,13.2,0.0,3,5
2016,9,29,True,13690,3,False,False,13.2,0.0,3,4
2016,9,30,False,27552,4,False,False,13.4,0.0,3,5
2016,9,30,True,13518,4,False,False,13.4,0.0,2,4
2016,10,1,False,22124,5,False,True,14.9,0.0,3,5
2016,10,1,True,8890,5,False,True,14.9,0.0,2,3
2016,10,2,False,12726,6,False,True,14.6,1.6,2,4
2016,10,2,True,7458,6,False,True,14.6,1.6,2,3
2016,10,3,False,26410,0,False,False,14.0,0.0,3,5
2016,10,3,True,12216,0,False,False,14.0,0.0,2,4
2016,10,4,False,27724,1,False,False,12.2,0.0,3,5
2016,10,4,True,12990,1,False,False,12.2,0.0,2,4
2016,10,5,False,28372,2,False,False,14.1,0.0,3,5
2016,10,5,True,13774,2,False,False,14.1,0.0,3,4
2016,10,6,False,29842,3,False,False,16.1,0.0,3,5
2016,10,6,True,13886,3,False,False,16.1,0.0,3,4
2016,10,7,False,29416,4,False,False,17.5,0.0,3,5
2016,10,7,True,13662,4,False,False,17.5,0.0,3,4
2016,10,8,False,6654,5,False,True,14.1,17.6,1,2
2016,10,8,True,5020,5,False,True,14.1,17.6,1,1
2016,10,9,False,15946,6,False,True,9.3,0.0,3,4
2016,10,9,True,5976,6,False,True,9.3,0.0,1,2
2016,10,10,False,14626,0,True,False,7.2,0.0,3,4
2016,10,10,True,4654,0,True,False,7.2,0.0,1,1
2016,10,11,False,24566,1,False,False,9.9,0.0,3,5
2016,10,11,True,11506,1,False,False,9.9,0.0,2,3
2016,10,12,False,26268,2,False,False,14.5,0.0,3,5
2016,10,12,True,12568,2,False,False,14.5,0.0,2,4
2016,10,13,False,16884,3,False,False,9.1,7.4,3,5
2016,10,13,True,10546,3,False,False,9.1,7.4,2,3
2016,10,14,False,22868,4,False,False,5.7,0.0,3,5
2016,10,14,True,11652,4,False,False,5.7,0.0,2,3
2016,10,15,False,19902,5,False,True,10.3,0.0,3,5
2016,10,15,True,6718,5,False,True,10.3,0.0,2,2
2016,10,16,False,7136,6,False,True,14.8,13.0,2,2
2016,10,16,True,4746,6,False,True,14.8,13.0,1,1
2016,10,17,False,21314,0,False,False,11.9,0.0,3,5
2016,10,17,True,10954,0,False,False,11.9,0.0,2,3
2016,10,18,False,20328,1,False,False,16.4,5.8,3,5
2016,10,18,True,8502,1,False,False,16.4,5.8,2,3
2016,10,19,False,24988,2,False,False,13.1,0.0,3,5
2016,10,19,True,12428,2,False,False,13.1,0.0,2,4
2016,10,20,False,9384,3,False,False,10.0,26.4,2,3
2016,10,20,True,11700,3,False,False,10.0,26.4,2,3
2016,10,21,False,8428,4,False,False,9.1,32.8,2,3
2016,10,21,True,2316,4,False,False,9.1,32.8,1,1
2016,10,22,False,3334,5,False,True,5.4,29.4,1,1
2016,10,22,True,2776,5,False,True,5.4,29.4,1,1
2016,10,23,False,10306,6,False,True,6.7,2.6,2,3
2016,10,23,True,2448,6,False,True,6.7,2.6,1,1
2016,10,24,False,14984,0,False,False,5.0,0.0,3,4
2016,10,24,True,9056,0,False,False,5.0,0.0,2,3
2016,10,25,False,15960,1,False,False,3.2,0.0,3,4
2016,10,25,True,8882,1,False,False,3.2,0.0,2,3
2016,10,26,False,15726,2,False,False,1.3,0.0,3,4
2016,10,26,True,8696,2,False,False,1.3,0.0,2,3
2016,10,27,False,10538,3,False,False,2.6,16.4,2,3
2016,10,27,True,8802,3,False,False,2.6,16.4,2,3
2016,10,28,False,12594,4,False,False,4.7,3.0,2,4
2016,10,28,True,5024,4,False,False,4.7,3.0,1,1
2016,10,29,False,5772,5,False,True,5.5,7.0,1,2
2016,10,29,True,3124,5,False,True,5.5,7.0,1,1
2016,10,30,False,12032,6,False,True,5.3,0.0,2,3
2016,10,30,True,4826,6,False,True,5.3,0.0,1,1
2016,10,31,False,14514,0,False,False,3.1,0.0,3,4
2016,10,31,True,7952,0,False,False,3.1,0.0,2,3
2017,4,15,False,8854,5,False,True,11.0,3.8,2,3
2017,4,15,True,2464,5,False,True,11.0,3.8,1,1
2017,4,16,False,2491,6,False,True,11.8,14.8,1,1
2017,4,16,True,1466,6,False,True,11.8,14.8,1,1
2017,4,17,False,5881,0,True,False,6.1,1.6,1,2
2017,4,17,True,2155,0,True,False,6.1,1.6,1,1
2017,4,18,False,9275,1,False,False,5.1,0.0,2,3
2017,4,18,True,3986,1,False,False,5.1,0.0,1,1
2017,4,19,False,2404,2,False,False,7.5,18.2,1,1
2017,4,19,True,4208,2,False,False,7.5,18.2,1,1
2017,4,20,False,8672,3,False,False,7.6,0.0,2,3
2017,4,20,True,3849,3,False,False,7.6,0.0,1,1
2017,4,21,False,6305,4,False,False,9.6,8.4,1,2
2017,4,21,True,1804,4,False,False,9.6,8.4,1,1
2017,4,22,False,7317,5,False,True,6.9,0.2,2,2
2017,4,22,True,2603,5,False,True,6.9,0.2,1,1
2017,4,23,False,12362,6,False,True,9.4,0.0,2,4
2017,4,23,True,3374,6,False,True,9.4,0.0,1,1
2017,4,24,False,9471,0,False,False,5.0,0.0,2,3
2017,4,24,True,3926,0,False,False,5.0,0.0,1,1
2017,4,25,False,5560,1,False,False,8.5,6.6,1,2
2017,4,25,True,4935,1,False,False,8.5,6.6,1,1
2017,4,26,False,10728,2,False,False,12.5,1.2,2,3
2017,4,26,True,2762,2,False,False,12.5,1.2,1,1
2017,4,27,False,15703,3,False,False,17.8,0.0,3,4
2017,4,27,True,5649,3,False,False,17.8,0.0,1,2
2017,4,28,False,15220,4,False,False,15.1,0.6,3,4
2017,4,28,True,5882,4,False,False,15.1,0.6,1,2
2017,4,29,False,14137,5,False,True,11.9,0.0,3,4
2017,4,29,True,4937,5,False,True,11.9,0.0,1,1
2017,4,30,False,4878,6,False,True,4.4,9.0,1,1
2017,4,30,True,3069,6,False,True,4.4,9.0,1,1
2017,5,1,False,2946,0,False,False,7.6,37.2,1,1
2017,5,1,True,924,0,False,False,7.6,37.2,1,1
2017,5,2,False,11756,1,False,False,12.0,0.0,2,3
2017,5,2,True,5318,1,False,False,12.0,0.0,1,2
2017,5,3,False,11840,2,False,False,8.0,0.2,2,3
2017,5,3,True,5420,2,False,False,8.0,0.2,1,2
2017,5,4,False,14573,3,False,False,9.2,0.2,3,4
2017,5,4,True,6274,3,False,False,9.2,0.2,1,2
2017,5,5,False,3466,4,False,False,8.4,22.0,1,1
2017,5,5,True,2399,4,False,False,8.4,22.0,1,1
2017,5,6,False,11943,5,False,True,14.4,9.4,2,3
2017,5,6,True,2178,5,False,True,14.4,9.4,1,1
2017,5,7,False,7347,6,False,True,6.9,6.6,2,3
2017,5,7,True,2165,6,False,True,6.9,6.6,1,1
2017,5,8,False,8745,0,False,False,3.5,0.0,2,3
2017,5,8,True,4723,0,False,False,3.5,0.0,1,1
2017,5,9,False,10884,1,False,False,4.7,0.0,2,3
2017,5,9,True,4778,1,False,False,4.7,0.0,1,1
2017,5,10,False,12337,2,False,False,7.6,0.0,2,4
2017,5,10,True,6051,2,False,False,7.6,0.0,1,2
2017,5,11,False,12841,3,False,False,9.6,0.0,2,4
2017,5,11,True,6272,3,False,False,9.6,0.0,1,2
2017,5,12,False,16528,4,False,False,12.9,0.0,3,5
2017,5,12,True,7062,4,False,False,12.9,0.0,2,2
2017,5,13,False,12006,5,False,True,14.0,2.0,2,3
2017,5,13,True,5233,5,False,True,14.0,2.0,1,2
2017,5,14,False,5840,6,False,True,11.0,4.6,1,2
2017,5,14,True,2446,6,False,True,11.0,4.6,1,1
2017,5,15,False,14652,0,False,False,16.1,0.0,3,4
2017,5,15,True,5981,0,False,False,16.1,0.0,1,2
2017,5,16,False,18742,1,False,False,15.4,0.0,3,5
2017,5,16,True,7898,1,False,False,15.4,0.0,2,3
2017,5,17,False,20391,2,False,False,21.7,0.0,3,5
2017,5,17,True,8222,2,False,False,21.7,0.0,2,3
2017,5,18,False,17948,3,False,False,24.6,0.6,3,5
2017,5,18,True,8613,3,False,False,24.6,0.6,2,3
2017,5,19,False,17556,4,False,False,13.8,0.0,3,5
2017,5,19,True,7354,4,False,False,13.8,0.0,2,3
2017,5,20,False,18529,5,False,True,11.9,0.0,3,5
2017,5,20,True,5148,5,False,True,11.9,0.0,1,2
2017,5,21,False,15337,6,False,True,14.1,2.8,3,4
2017,5,21,True,5038,6,False,True,14.1,2.8,1,1
2017,5,22,False,5767,0,True,False,12.1,7.2,1,2
2017,5,22,True,2194,0,True,False,12.1,7.2,1,1
2017,5,23,False,17934,1,False,False,15.5,0.0,3,5
2017,5,23,True,7545,1,False,False,15.5,0.0,2,3
2017,5,24,False,19071,2,False,False,17.4,0.0,3,5
2017,5,24,True,8201,2,False,False,17.4,0.0,2,3
2017,5,25,False,9072,3,False,False,16.5,11.0,2,3
2017,5,25,True,8239,3,False,False,16.5,11.0,2,3
2017,5,26,False,11385,4,False,False,12.8,1.6,2,3
2017,5,26,True,4532,4,False,False,12.8,1.6,1,1
2017,5,27,False,21166,5,False,True,16.9,0.0,3,5
2017,5,27,True,5793,5,False,True,16.9,0.0,1,2
2017,5,28,False,29703,6,False,True,18.9,0.0,3,5
2017,5,28,True,8332,6,False,True,18.9,0.0,2,3
2017,5,29,False,4941,0,False,False,16.2,8.0,1,1
2017,5,29,True,7763,0,False,False,16.2,8.0,2,3
2017,5,30,False,12082,1,False,False,15.6,9.0,2,3
2017,5,30,True,5912,1,False,False,15.6,9.0,1,2
2017,5,31,False,18333,2,False,False,18.0,1.6,3,5
2017,5,31,True,6183,2,False,False,18.0,1.6,1,2
2017,6,1,False,17827,3,False,False,14.3,0.0,3,5
2017,6,1,True,8254,3,False,False,14.3,0.0,2,3
2017,6,2,False,13718,4,False,False,11.6,5.2,3,4
2017,6,2,True,6827,4,False,False,11.6,5.2,2,2
2017,6,3,False,15087,5,False,True,13.8,0.0,3,4
2017,6,3,True,4488,5,False,True,13.8,0.0,1,1
2017,6,4,False,17367,6,False,True,15.8,0.0,3,5
2017,6,4,True,6217,6,False,True,15.8,0.0,1,2
2017,6,5,False,2930,0,False,False,14.0,42.4,1,1
2017,6,5,True,6205,0,False,False,14.0,42.4,1,2
2017,6,6,False,14070,1,False,False,12.6,11.0,3,4
2017,6,6,True,2258,1,False,False,12.6,11.0,1,1
2017,6,7,False,21596,2,False,False,16.1,0.0,3,5
2017,6,7,True,8824,2,False,False,16.1,0.0,2,3
2017,6,8,False,22239,3,False,False,20.8,0.0,3,5
2017,6,8,True,9532,3,False,False,20.8,0.0,2,3
2017,6,9,False,21116,4,False,False,18.7,0.0,3,5
2017,6,9,True,8950,4,False,False,18.7,0.0,2,3
2017,6,10,False,22353,5,False,True,17.2,0.0,3,5
2017,6,10,True,7446,5,False,True,17.2,0.0,2,3
2017,6,11,False,18136,6,False,True,24.8,0.0,3,5
2017,6,11,True,7031,6,False,True,24.8,0.0,2,2
2017,6,12,False,18746,0,False,False,25.7,2.2,3,5
2017,6,12,True,8233,0,False,False,25.7,2.2,2,3
2017,6,13,False,21320,1,False,False,21.5,0.0,3,5
2017,6,13,True,9418,1,False,False,21.5,0.0,2,3
2017,6,14,False,21283,2,False,False,16.7,0.0,3,5
2017,6,14,True,9469,2,False,False,16.7,0.0,2,3
2017,6,15,False,22086,3,False,False,17.2,0.2,3,5
2017,6,15,True,9629,3,False,False,17.2,0.2,2,3
2017,6,16,False,15262,4,False,False,16.9,25.4,3,4
2017,6,16,True,3165,4,False,False,16.9,25.4,1,1
2017,6,17,False,21262,5,False,True,22.1,0.0,3,5
2017,6,17,True,6646,5,False,True,22.1,0.0,1,2
2017,6,18,False,17336,6,False,True,26.7,0.8,3,5
2017,6,18,True,6959,6,False,True,26.7,0.8,2,2
2017,6,19,False,18413,0,False,False,22.7,1.0,3,5
2017,6,19,True,7692,0,False,False,22.7,1.0,2,3
2017,6,20,False,19103,1,False,False,20.7,16.8,3,5
2017,6,20,True,4296,1,False,False,20.7,16.8,1,1
2017,6,21,False,19863,2,False,False,19.0,0.8,3,5
2017,6,21,True,7792,2,False,False,19.0,0.8,2,3
2017,6,22,False,21111,3,False,False,19.8,0.0,3,5
2017,6,22,True,9496,3,False,False,19.8,0.0,2,3
2017,6,23,False,12761,4,False,False,21.2,13.6,2,4
2017,6,23,True,3262,4,False,False,21.2,13.6,1,1
2017,6,24,False,19781,5,True,True,21.7,0.0,3,5
2017,6,24,True,5314,5,True,True,21.7,0.0,1,2
2017,6,25,False,19261,6,False,True,18.8,0.2,3,5
2017,6,25,True,7117,6,False,True,18.8,0.2,2,2
2017,6,26,False,20189,0,False,False,17.7,2.6,3,5
2017,6,26,True,6825,0,False,False,17.7,2.6,2,2
2017,6,27,False,15948,1,False,False,17.6,1.8,3,4
2017,6,27,True,9002,1,False,False,17.6,1.8,2,3
2017,6,28,False,18780,2,False,False,17.8,0.4,3,5
2017,6,28,True,8823,2,False,False,17.8,0.4,2,3
2017,6,29,False,10982,3,False,False,17.7,4.2,2,3
2017,6,29,True,9330,3,False,False,17.7,4.2,2,3
2017,6,30,False,13088,4,False,False,19.3,6.6,2,4
2017,6,30,True,6564,4,False,False,19.3,6.6,1,2
2017,7,1,False,11271,5,True,True,21.4,6.4,2,3
2017,7,1,True,4891,5,True,True,21.4,6.4,1,1
2017,7,2,False,18804,6,False,True,21.0,0.6,3,5
2017,7,2,True,5577,6,False,True,21.0,0.6,1,2
2017,7,3,False,22944,0,True,False,20.4,0.0,3,5
2017,7,3,True,7702,0,True,False,20.4,0.0,2,3
2017,7,4,False,23597,1,False,False,19.8,0.0,3,5
2017,7,4,True,10019,1,False,False,19.8,0.0,2,3
2017,7,5,False,24206,2,False,False,20.6,0.0,3,5
2017,7,5,True,10234,2,False,False,20.6,0.0,2,3
2017,7,6,False,22945,3,False,False,22.9,0.0,3,5
2017,7,6,True,9992,3,False,False,22.9,0.0,2,3
2017,7,7,False,20645,4,False,False,23.4,10.2,3,5
2017,7,7,True,7072,4,False,False,23.4,10.2,2,2
2017,7,8,False,18867,5,False,True,20.0,20.0,3,5
2017,7,8,True,5063,5,False,True,20.0,20.0,1,2
2017,7,9,False,19080,6,False,True,20.0,0.6,3,5
2017,7,9,True,6825,6,False,True,20.0,0.6,2,2
2017,7,10,False,19255,0,False,False,21.2,2.2,3,5
2017,7,10,True,6998,0,False,False,21.2,2.2,2,2
2017,7,11,False,21279,1,False,False,23.1,0.0,3,5
2017,7,11,True,9102,1,False,False,23.1,0.0,2,3
2017,7,12,False,19283,2,False,False,17.7,0.6,3,5
2017,7,12,True,9150,2,False,False,17.7,0.6,2,3
2017,7,13,False,22105,3,False,False,19.1,0.6,3,5
2017,7,13,True,6623,3,False,False,19.1,0.6,1,2
2017,7,14,False,12077,4,False,False,17.2,9.2,2,3
2017,7,14,True,9356,4,False,False,17.2,9.2,2,3
2017,7,15,False,21302,5,False,True,22.0,0.2,3,5
2017,7,15,True,5459,5,False,True,22.0,0.2,1,2
2017,7,16,False,18482,6,False,True,23.1,3.2,3,5
2017,7,16,True,6513,6,False,True,23.1,3.2,1,2
2017,7,17,False,19015,0,False,False,22.4,1.8,3,5
2017,7,17,True,7241,0,False,False,22.4,1.8,2,2
2017,7,18,False,23318,1,False,False,22.6,0.0,3,5
2017,7,18,True,9494,1,False,False,22.6,0.0,2,3
2017,7,19,False,19719,2,False,False,23.7,8.0,3,5
2017,7,19,True,9903,2,False,False,23.7,8.0,2,3
2017,7,20,False,20991,3,False,False,23.4,8.8,3,5
2017,7,20,True,9636,3,False,False,23.4,8.8,2,3
2017,7,21,False,19373,4,False,False,23.0,0.0,3,5
2017,7,21,True,9570,4,False,False,23.0,0.0,2,3
2017,7,22,False,23128,5,False,True,21.1,0.0,3,5
2017,7,22,True,7212,5,False,True,21.1,0.0,2,2
2017,7,23,False,20905,6,False,True,20.1,0.0,3,5
2017,7,23,True,6654,6,False,True,20.1,0.0,1,2
2017,7,24,False,4584,0,False,False,17.0,17.8,1,1
2017,7,24,True,6022,0,False,False,17.0,17.8,1,2
2017,7,25,False,21720,1,False,False,18.5,1.6,3,5
2017,7,25,True,6470,1,False,False,18.5,1.6,1,2
2017,7,26,False,21132,2,False,False,19.1,0.0,3,5
2017,7,26,True,9508,2,False,False,19.1,0.0,2,3
2017,7,27,False,20978,3,False,False,21.3,0.6,3,5
2017,7,27,True,8095,3,False,False,21.3,0.6,2,3
2017,7,28,False,23240,4,False,False,18.7,0.0,3,5
2017,7,28,True,9339,4,False,False,18.7,0.0,2,3
2017,7,29,False,29481,5,False,True,18.2,0.0,3,5
2017,7,29,True,7818,5,False,True,18.2,0.0,2,3
2017,7,30,False,31320,6,False,True,19.8,0.0,3,5
2017,7,30,True,9121,6,False,True,19.8,0.0,2,3
2017,7,31,False,17113,0,False,False,23.2,33.0,3,5
2017,7,31,True,8520,0,False,False,23.2,33.0,2,3
2017,8,1,False,22489,1,False,False,21.0,0.0,3,5
2017,8,1,True,9064,1,False,False,21.0,0.0,2,3
2017,8,2,False,21317,2,False,False,23.7,0.0,3,5
2017,8,2,True,9554,2,False,False,23.7,0.0,2,3
2017,8,3,False,22611,3,False,False,23.2,0.0,3,5
2017,8,3,True,9366,3,False,False,23.2,0.0,2,3
2017,8,4,False,14043,4,False,False,24.2,34.0,3,4
2017,8,4,True,8303,4,False,False,24.2,34.0,2,3
2017,8,5,False,17934,5,False,True,20.75,17.0,3,5
2017,8,5,True,2738,5,False,True,20.75,17.0,1,1
2017,8,6,False,18143,6,False,True,17.3,0.0,3,5
2017,8,6,True,5800,6,False,True,17.3,0.0,1,2
2017,8,7,False,18800,0,False,False,18.2,0.6,3,5
2017,8,7,True,8400,0,False,False,18.2,0.6,2,3
2017,8,8,False,22234,1,False,False,18.8,0.0,3,5
2017,8,8,True,9375,1,False,False,18.8,0.0,2,3
2017,8,9,False,22147,2,False,False,20.6,0.0,3,5
2017,8,9,True,9579,2,False,False,20.6,0.0,2,3
2017,8,10,False,21681,3,False,False,20.1,0.0,3,5
2017,8,10,True,9645,3,False,False,20.1,0.0,2,3
2017,8,11,False,21622,4,False,False,23.0,0.0,3,5
2017,8,11,True,9483,4,False,False,23.0,0.0,2,3
2017,8,12,False,17015,5,False,True,22.0,7.0,3,5
2017,8,12,True,5772,5,False,True,22.0,7.0,1,2
2017,8,13,False,20119,6,False,True,22.1,1.0,3,5
2017,8,13,True,6389,6,False,True,22.1,1.0,1,2
2017,8,14,False,20620,0,False,False,21.4,0.0,3,5
2017,8,14,True,9046,0,False,False,21.4,0.0,2,3
2017,8,15,False,19194,1,False,False,21.5,7.2,3,5
2017,8,15,True,4872,1,False,False,21.5,7.2,1,1
2017,8,16,False,21839,2,False,False,18.9,0.0,3,5
2017,8,16,True,9626,2,False,False,18.9,0.0,2,3
2017,8,17,False,21970,3,False,False,20.0,0.0,3,5
2017,8,17,True,9349,3,False,False,20.0,0.0,2,3
2017,8,18,False,16599,4,False,False,19.4,16.6,3,5
2017,8,18,True,3143,4,False,False,19.4,16.6,1,1
2017,8,19,False,20659,5,False,True,22.2,0.0,3,5
2017,8,19,True,6203,5,False,True,22.2,0.0,1,2
2017,8,20,False,18926,6,False,True,21.9,0.0,3,5
2017,8,20,True,6704,6,False,True,21.9,0.0,2,2
2017,8,21,False,20020,0,False,False,23.3,0.0,3,5
2017,8,21,True,8630,0,False,False,23.3,0.0,2,3
2017,8,22,False,11662,1,False,False,23.6,10.0,2,3
2017,8,22,True,9020,1,False,False,23.6,10.0,2,3
2017,8,23,False,19489,2,False,False,18.3,0.0,3,5
2017,8,23,True,8845,2,False,False,18.3,0.0,2,3
2017,8,24,False,20125,3,False,False,16.9,0.0,3,5
2017,8,24,True,9220,3,False,False,16.9,0.0,2,3
2017,8,25,False,20316,4,False,False,16.3,0.0,3,5
2017,8,25,True,9159,4,False,False,16.3,0.0,2,3
2017,8,26,False,17929,5,False,True,15.4,0.0,3,5
2017,8,26,True,5980,5,False,True,15.4,0.0,1,2
2017,8,27,False,22972,6,False,True,16.5,0.0,3,5
2017,8,27,True,7078,6,False,True,16.5,0.0,2,2
2017,8,28,False,20099,0,False,False,16.8,0.0,3,5
2017,8,28,True,8743,0,False,False,16.8,0.0,2,3
2017,8,29,False,20638,1,False,False,19.8,0.0,3,5
2017,8,29,True,9517,1,False,False,19.8,0.0,2,3
2017,8,30,False,21276,2,False,False,17.7,0.0,3,5
2017,8,30,True,9594,2,False,False,17.7,0.0,2,3
2017,8,31,False,17931,3,False,False,14.3,0.6,3,5
2017,8,31,True,8855,3,False,False,14.3,0.6,2,3
2017,9,1,False,16762,4,False,False,12.3,0.0,3,5
2017,9,1,True,8162,4,False,False,12.3,0.0,2,3
2017,9,2,False,18845,5,False,True,13.2,0.0,3,5
2017,9,2,True,5303,5,False,True,13.2,0.0,1,2
2017,9,3,False,2491,6,False,True,12.9,25.0,1,1
2017,9,3,True,2167,6,False,True,12.9,25.0,1,1
2017,9,4,False,11367,0,True,False,18.3,2.4,2,3
2017,9,4,True,3435,0,True,False,18.3,2.4,1,1
2017,9,5,False,17211,1,False,False,18.0,0.8,3,5
2017,9,5,True,7858,1,False,False,18.0,0.8,2,3
2017,9,6,False,16556,2,False,False,16.3,1.0,3,5
2017,9,6,True,8602,2,False,False,16.3,1.0,2,3
2017,9,7,False,15360,3,False,False,15.6,17.6,3,4
2017,9,7,True,4059,3,False,False,15.6,17.6,1,1
2017,9,8,False,17360,4,False,False,15.0,0.8,3,5
2017,9,8,True,8264,4,False,False,15.0,0.8,2,3
2017,9,9,False,16350,5,False,True,14.8,0.6,3,5
2017,9,9,True,5082,5,False,True,14.8,0.6,1,2
2017,9,10,False,16345,6,False,True,13.2,0.0,3,5
2017,9,10,True,4946,6,False,True,13.2,0.0,1,1
2017,9,11,False,18383,0,False,False,16.0,0.0,3,5
2017,9,11,True,8619,0,False,False,16.0,0.0,2,3
2017,9,12,False,19500,1,False,False,18.1,0.0,3,5
2017,9,12,True,9001,1,False,False,18.1,0.0,2,3
2017,9,13,False,19878,2,False,False,19.5,0.0,3,5
2017,9,13,True,9514,2,False,False,19.5,0.0,2,3
2017,9,14,False,20551,3,False,False,21.1,0.0,3,5
2017,9,14,True,9368,3,False,False,21.1,0.0,2,3
2017,9,15,False,20669,4,False,False,21.1,0.0,3,5
2017,9,15,True,9627,4,False,False,21.1,0.0,2,3
2017,9,16,False,19374,5,False,True,21.9,0.0,3,5
2017,9,16,True,6838,5,False,True,21.9,0.0,2,2
2017,9,17,False,17112,6,False,True,22.5,0.0,3,5
2017,9,17,True,6303,6,False,True,22.5,0.0,1,2
2017,9,18,False,18545,0,False,False,21.4,0.0,3,5
2017,9,18,True,8716,0,False,False,21.4,0.0,2,3
2017,9,19,False,19665,1,False,False,22.9,0.0,3,5
2017,9,19,True,9279,1,False,False,22.9,0.0,2,3
2017,9,20,False,19682,2,False,False,21.6,0.0,3,5
2017,9,20,True,9181,2,False,False,21.6,0.0,2,3
2017,9,21,False,20014,3,False,False,19.9,0.0,3,5
2017,9,21,True,9628,3,False,False,19.9,0.0,2,3
2017,9,22,False,20543,4,False,False,20.0,0.0,3,5
2017,9,22,True,9359,4,False,False,20.0,0.0,2,3
2017,9,23,False,18958,5,False,True,21.9,0.0,3,5
2017,9,23,True,6969,5,False,True,21.9,0.0,2,2
2017,9,24,False,18815,6,False,True,25.0,0.0,3,5
2017,9,24,True,7658,6,False,True,25.0,0.0,2,3
2017,9,25,False,17651,0,False,False,26.1,0.0,3,5
2017,9,25,True,8629,0,False,False,26.1,0.0,2,3
2017,9,26,False,18652,1,False,False,25.0,0.0,3,5
2017,9,26,True,9237,1,False,False,25.0,0.0,2,3
2017,9,27,False,14848,2,False,False,24.4,5.6,3,4
2017,9,27,True,9335,2,False,False,24.4,5.6,2,3
2017,9,28,False,17442,3,False,False,13.5,0.0,3,5
2017,9,28,True,9162,3,False,False,13.5,0.0,2,3
2017,9,29,False,16468,4,False,False,10.2,0.0,3,5
2017,9,29,True,8594,4,False,False,10.2,0.0,2,3
2017,9,30,False,14139,5,False,True,10.9,0.0,3,4
2017,9,30,True,5202,5,False,True,10.9,0.0,1,2
2017,10,1,False,12632,6,False,True,11.4,0.0,2,4
2017,10,1,True,4683,6,False,True,11.4,0.0,1,1
2017,10,2,False,16842,0,False,False,13.2,0.0,3,5
2017,10,2,True,8150,0,False,False,13.2,0.0,2,3
2017,10,3,False,17712,1,False,False,14.3,0.0,3,5
2017,10,3,True,8342,1,False,False,14.3,0.0,2,3
2017,10,4,False,12189,2,False,False,19.4,6.8,2,4
2017,10,4,True,8921,2,False,False,19.4,6.8,2,3
2017,10,5,False,16715,3,False,False,15.8,0.0,3,5
2017,10,5,True,8231,3,False,False,15.8,0.0,2,3
2017,10,6,False,16241,4,False,False,14.5,0.0,3,5
2017,10,6,True,8797,4,False,False,14.5,0.0,2,3
2017,10,7,False,8552,5,False,True,16.0,4.8,2,3
2017,10,7,True,4786,5,False,True,16.0,4.8,1,1
2017,10,8,False,11696,6,False,True,20.7,6.4,2,3
2017,10,8,True,3362,6,False,True,20.7,6.4,1,1
2017,10,9,False,3047,0,True,False,16.1,29.6,1,1
2017,10,9,True,2037,0,True,False,16.1,29.6,1,1
2017,10,10,False,16529,1,False,False,16.9,0.0,3,5
2017,10,10,True,7419,1,False,False,16.9,0.0,2,3
2017,10,11,False,13597,2,False,False,8.9,0.0,2,4
2017,10,11,True,7973,2,False,False,8.9,0.0,2,3
2017,10,12,False,15272,3,False,False,9.5,0.0,3,4
2017,10,12,True,7362,3,False,False,9.5,0.0,2,3
2017,10,13,False,15122,4,False,False,12.0,0.0,3,4
2017,10,13,True,7722,4,False,False,12.0,0.0,2,3
2017,10,14,False,12085,5,False,True,16.3,0.4,2,3
2017,10,14,True,4622,5,False,True,16.3,0.4,1,1
2017,10,15,False,7165,6,False,True,15.8,11.0,2,2
2017,10,15,True,3277,6,False,True,15.8,11.0,1,1
2017,10,16,False,11131,0,False,False,4.8,0.0,2,3
2017,10,16,True,6304,0,False,False,4.8,0.0,1,2
2017,10,17,False,12774,1,False,False,7.1,0.0,2,4
2017,10,17,True,6269,1,False,False,7.1,0.0,1,2
2017,10,18,False,14684,2,False,False,13.4,0.0,3,4
2017,10,18,True,7454,2,False,False,13.4,0.0,2,3
2017,10,19,False,14553,3,False,False,15.7,0.0,3,4
2017,10,19,True,7565,3,False,False,15.7,0.0,2,3
2017,10,20,False,15137,4,False,False,12.1,0.0,3,4
2017,10,20,True,7482,4,False,False,12.1,0.0,2,3
2017,10,21,False,14142,5,False,True,14.8,0.0,3,4
2017,10,21,True,4918,5,False,True,14.8,0.0,1,1
2017,10,22,False,12143,6,False,True,13.9,0.0,2,4
2017,10,22,True,4782,6,False,True,13.9,0.0,1,1
2017,10,23,False,14509,0,False,False,14.0,0.0,3,4
2017,10,23,True,7054,0,False,False,14.0,0.0,2,2
2017,10,24,False,6200,1,False,False,17.5,32.0,1,2
2017,10,24,True,5683,1,False,False,17.5,32.0,1,2
2017,10,25,False,14738,2,False,False,13.95,18.0,3,4
2017,10,25,True,7065,2,False,False,13.95,18.0,2,2
2017,10,26,False,7133,3,False,False,10.4,4.0,2,2
2017,10,26,True,6452,3,False,False,10.4,4.0,1,2
2017,10,27,False,12756,4,False,False,8.0,0.0,2,4
2017,10,27,True,6430,4,False,False,8.0,0.0,1,2
2017,10,28,False,12698,5,False,True,11.2,0.0,2,4
2017,10,28,True,4351,5,False,True,11.2,0.0,1,1
2017,10,29,False,3892,6,False,True,10.6,26.6,1,1
2017,10,29,True,2329,6,False,True,10.6,26.6,1,1
2017,10,30,False,8377,0,False,False,12.9,0.6,2,3
2017,10,30,True,4276,0,False,False,12.9,0.6,1,1
2017,10,31,False,10176,1,False,False,6.8,0.4,2,3
2017,10,31,True,5393,1,False,False,6.8,0.4,1,2
